PC1,PC2,PC3,PC4,PC5,PC6,PC7,PC8,price
1.2999443882902708,-0.01198022677784216,0.9379487421695131,-0.5635194291330438,0.18255711416226175,-0.12801341617185552,0.4243417241022485,0.08803334391758176,9205000
1.2581999767731307,-0.3706711241294961,1.035111430828147,0.13604362069441112,-0.4673598542126618,-0.06971485685031073,0.7237455716656294,-0.1101668402384769,9205000
0.31606945565794115,0.7162767285212153,-0.23249911856015273,-0.7288725185673035,-0.1855913495112378,-0.3921509898550827,0.5121233143394135,-0.040411658721920866,9205000
1.4387747594911287,0.6964852296809187,0.4083000829670549,-0.3089724177352728,0.0012502007825981063,-0.6708930146496517,0.4075862943929552,0.03452412112184322,9205000
1.3857966970908948,0.6452191052785246,0.19734605803612976,0.6560128129718853,-0.4953638870705961,0.12890231270579297,0.04166754716649414,0.23844480822276362,9205000
0.45810787423757776,0.9848850799669416,0.4045550216071295,-0.3026916051017819,-0.0037707950021122877,-0.7496781845245329,0.16141165908356483,0.140931660267248,9205000
0.4033496736551061,0.3072743315492095,1.2052730073899012,-0.5973212169593801,0.06527927676850695,-0.025580189318498772,0.6790387666227217,-0.04132197560141702,9205000
-0.9291339938776345,-0.11102436006611335,0.2342281074168188,-0.17325858933946361,-0.2596520510724912,0.272814680548923,0.31302624218411024,-0.30321044740278374,9205000
1.5139193445364376,1.0732736984075897,0.28043062494418786,-0.08774094992250206,-0.033976838972464174,0.1160500377084748,0.10820279000908853,0.4004773023034598,9205000
-0.5293279046977661,0.9038152898265195,1.1194557676473424,-0.3295470005841803,0.14401925509851524,0.813072662410114,0.2110139536501776,0.22452047754844534,9205000
1.408801465574526,0.677280756675597,0.36093783477473335,-0.3470107213231074,0.07346924248199671,-0.6618383782268978,0.11655239846719233,0.07273133734909847,9205000
0.31089674396738737,0.6695549658342941,-0.4245926228384875,0.29367795997893287,-0.8388047117851398,0.45194454720383226,0.7059527229779001,0.055187099764922413,9205000
0.28212687709605977,0.24395927195477188,0.8830191302627789,-0.5191947571329621,0.3371260439486923,-0.14261142589214942,0.08110341245900603,0.08993522231815619,9205000
0.9539218634511698,-0.7604055681487459,-0.1433647616647242,-0.1520492250970386,-0.48112892476614216,0.004518041728436676,0.5492587063111896,-0.003820312050488255,9205000
0.06707976416673302,-0.053389281837293245,0.042135064850108976,-0.8599732109710783,0.3792713496683002,0.2018858757000588,0.06129710573938167,-0.07376419907886846,9205000
0.15106861022581572,0.24439475287288262,-0.37133664700460195,0.06011776494447997,-0.5530606041727568,-0.37600677710961056,0.423938471359994,-0.2565832067607937,9100000
-0.40419607622897474,1.6244291587840591,0.5315533127244684,-0.04900224845113354,0.05443917115098725,0.28279447964357995,0.11478234470969488,0.1506931610993441,9100000
1.1863347300335794,-0.439481410065142,0.9194669589132182,0.14516846920885554,-0.3075731267325416,-0.06711208280639999,0.3623442810702749,-0.10236800455663236,8960000
1.2264014499185698,-0.06268505612678357,0.5940369637581833,0.41936177304955546,-0.41481104607134883,0.4644408053529834,-0.06325715962671588,0.5404815391098972,8890000
0.2670122459544878,0.22761767632283222,0.8542895199005203,-0.5249622536132349,0.3397051287258881,-0.16596597696370602,-0.024067646031877075,0.13238753332391406,8855000
0.1266101724638675,0.18370180418845486,-0.4723940499683231,0.07052317491958729,-0.5997521877983673,-0.37165751551226583,0.4715227572431086,-0.2575801432027593,8750000
-0.5158878770333718,1.2343521975497762,0.37179960231916503,0.6062245393235604,-0.6963256483594163,-0.012629769113612514,-0.0860108676874768,0.41297018357836873,8680000
1.3083459290883062,0.6147070474233028,-0.013066197905785146,0.6988328094560589,-0.2925228267121251,0.08510206699745627,-0.43485933946652994,0.31788703272762164,8645000
1.3228621763105048,0.5898696041752512,0.09960981420401469,0.7676832175848194,-0.21238816065693233,0.2697545003061863,-0.13095797734081738,0.03844181704156328,8645000
1.1515238709827385,-0.42376055559584863,0.7280534797238556,0.1397593107467106,-0.34735894508939685,-0.293499140395376,0.056883620794682205,0.19365851394497247,8575000
1.5208974584813515,1.0781600671240619,0.29116763517149263,-0.04953456610088988,-0.019125195266686726,0.1462493109098283,0.21532167381171502,0.3425981791168865,8540000
0.5104774317727234,1.2713548188220445,0.4783924752372339,0.04397993024034044,0.42215671938066246,0.6152716954320316,0.10988367210003379,-0.2611873986821769,8463000
-0.04707254494691821,-0.44502523205925565,-0.1169866706024294,-0.2188995505152458,-0.36271136720919817,-0.09799679899835796,-0.14608197554002503,0.1875629628681708,8400000
-0.7392166164456601,0.5569021344526207,-0.19350690519821637,0.009576819976795537,-0.7828895727307439,-0.3140908780087053,0.7907781714813923,-0.32149460840478095,8400000
0.4136407219410482,0.9161594964712279,0.4359884766304139,-0.21603392657954362,0.3228449329987549,-0.4668589351351095,0.17933411979158898,-0.25804212118902925,8400000
-0.7043849827304821,0.12559900120010006,1.206136271799395,0.10171233698077126,-0.4490324469923061,-0.05997515056441593,0.4274391665296514,-0.1412604307253855,8400000
0.2109233216926903,-0.19016408170734053,1.0142644404694936,0.12504852667257177,-0.336079911535979,-0.08854708686078933,0.27767419384705655,-0.09959284978423043,8400000
1.2077192051305201,-0.06285745180487277,0.7073002306913788,-0.46335671559237246,0.456752715967809,-0.14172853181522838,0.03990423460743852,0.07883264207288482,8295000
-0.6930166942160978,0.9386855803735473,-0.3141019414405048,0.325763588025616,-0.5971245395421779,0.5380083108652555,0.3068824341300075,-0.05981936661969211,8190000
1.3433110846254757,0.6153353411709216,0.1397572436403098,0.7299229297555794,-0.24287059933690966,0.2735162797813985,-0.07823910001010331,0.03999098070601346,8120000
1.172748799897792,-0.45616630224866356,0.8972097471411826,0.16861175128895686,-0.2739669329942362,-0.06405272871848722,0.35639807136451596,-0.12336373880381303,8080940
1.0788322065466698,-0.3496535129754404,0.03010829126303155,-0.8937826219244421,0.16732145672355248,0.2434493739693706,0.5587257803656123,-0.11404835439551343,8043000
1.2048005572753122,-0.4190242076946003,0.9536866815125788,0.14515328944270314,-0.31844173929851916,-0.04451217240986199,0.4689820712885784,-0.13964136778141892,7980000
-0.6259337786674352,0.494746731548561,1.078669180082698,0.3249007997131239,-0.5574370021501189,0.6653894236409779,0.2047977251770999,0.2797484045580897,7962500
0.1927097220069498,-0.19503317321764413,0.9977284432520681,0.2232477566939427,-0.09410896133089867,0.0957508918556098,0.32173341000765426,-0.36210501311328686,7910000
1.2846232267279833,0.5715837573563407,0.17756114007842577,-0.16338523068061367,0.6406298862891606,-0.39053974056467894,-0.23897656625509725,-0.3189564420769774,7875000
1.200513872668207,-0.10455453081041356,0.8359419306599011,-0.43262040887671593,0.695657899223231,0.18902956644560634,0.07783003716891891,-0.3162065034358018,7840000
-0.7133969830538881,0.11453135605169742,1.1913723213239449,0.11726304742723855,-0.4267403384792303,-0.05794577901943377,0.42349484742483134,-0.1551876011093487,7700000
0.06868014064990581,-0.4296301156172926,0.2898633904013312,-0.21208689564843466,-0.5022893757788717,0.20317501171620583,0.7414982613467394,-0.251173808448309,7700000
1.1334277189259199,-0.48327405034630155,0.8467892394535341,0.2529856108520194,-0.011897185007095357,0.09322770504798791,0.2871543456284984,-0.3498323425633637,7560000
0.12206221170666237,-0.23668084446747428,0.8432564655471554,0.27615409900046684,0.13386822693405862,0.12849397045466068,-0.05507425062954008,-0.38875678754296716,7560000
1.1194905350627828,-0.4981696219890029,0.8199885874448517,0.24518636325813803,-0.012230637020552946,0.06960800995547893,0.18249862531211447,-0.3055604012561835,7525000
1.292082585398345,-0.04692345893673852,0.9615761203606382,-0.6025610975906244,0.11204928897013007,-0.16753039836344433,0.39031675444663055,0.14369513933221081,7490000
-0.8420774548352031,0.49018911218685723,-0.3009214432678083,0.1239208439240588,-0.3782854439071858,-0.2349973031962484,0.29049041340429216,-0.4526221673407638,7455000
0.46097318290641587,1.3080121087058738,0.1733178626321049,0.02027354269990225,0.33478714070989896,0.23604273755531305,-0.3954911369436785,0.24534745894873097,7420000
-0.7951698328290108,0.24934340341938863,0.4459804778820979,-0.9443099326329197,0.09885747263607138,0.29929732497814887,0.571034288254462,-0.2147037112127004,7420000
-0.780109321865202,0.059688535654073886,1.092804880455638,0.16680590669965428,-0.16383673386273187,0.04697397856841777,0.13964215761005874,-0.28951310703296845,7420000
1.2463459022419558,-0.07548085276337645,0.775092916449562,0.46694688333058043,-0.17344662845630232,0.8426014593501914,0.18366295238322533,0.05577873849366699,7350000
0.2152748224780175,-0.18850345881301575,1.020698389754206,0.1677872783630051,-0.3147310703741295,-0.05775633853577301,0.38364347710656926,-0.16153114825859238,7350000
0.25416267638185075,0.21024832875516883,0.7033665466956436,0.4286892795324978,-0.28905643640275747,0.5957297642939108,-0.19306360577074724,0.37960538090309265,7350000
-0.8205809851392871,0.06845735171356655,0.8921175630279271,0.17116478243755187,-0.1896199714952933,-0.17813834815059462,-0.16829609004293358,-0.002234811134355581,7350000
0.26958911500601274,0.6840601464779911,-0.293953399298734,-0.6823924657314534,0.06207483735330416,-0.2650290379021224,0.33568142200469275,-0.20928108241819351,7343000
1.3954814549641839,0.37837970694286904,0.8926019708983676,-0.31306582251436527,0.23596283999325107,0.8250173833635681,0.2593949995707275,0.25028463487666985,7245000
0.3208441470750675,0.231447103610825,0.9509601974327754,0.41095255324279023,-0.2932973417670076,0.8416981695793511,0.22490177163283104,0.06702129030058612,7210000
1.2324087183788188,-0.09037642440607783,0.7482922644408795,0.4591476357366992,-0.17378008046975996,0.8189817642576823,0.07900723206684133,0.10005067980084713,7210000
0.08593211694698934,-0.055228671929138044,-0.06688152467006712,0.05430038443923416,-0.45790468403591755,0.834775053436531,0.0567659393197756,0.3223370792804871,7140000
0.10726611705859199,-0.19438818671037178,0.6265349394605055,0.14761195271053612,-0.19430859223529004,-0.360671981080447,-0.5005474202479127,0.28917319157878046,7070000
1.098073422669648,-0.4682205915643492,0.6544854717932898,0.2485141836730785,-0.050338755614418494,-0.13303697837747153,-0.01854416303532458,-0.054645653431646055,7070000
1.2903436643276467,-0.02377088392086585,0.9222203125172742,-0.5469528431297699,0.2063054910706643,-0.12585147261639767,0.42013973591017933,0.07319635838290742,7035000
1.339581790778042,0.6546566157459983,0.16797820189724677,-0.28654529877141083,0.2907583562240138,-0.6807340001258022,-0.25781617592586625,0.09908341216296113,7000000
1.249071471785536,0.23012889608086806,0.2354069071114499,0.4862052927155666,-0.14762455517404482,-0.48843019376920604,-0.010341500142958596,-0.30670154938358707,6930000
1.0401453428826613,-0.07331702971639448,-0.7513938261522397,0.05634088186546245,-0.4390422679478228,-0.4293005581535018,-0.017582217857763188,-0.08818103143340913,6930000
-0.9331243944416395,-0.11673547226902997,0.11278524629320669,-0.2773938871680485,-0.6780292563682025,-0.19768074248730502,0.16707747271479734,0.2909995805427006,6895000
1.0358363119799878,-0.49976848518868905,0.4596625410683458,0.23016015605628892,-0.047239471920482806,-0.3337015129467674,-0.4418874869457417,0.21686211106693645,6860000
1.1345915753488929,-0.23494166482359385,0.08282553127986854,-0.9865255314615297,-0.0773389043530147,-0.04576679193734561,0.48194755164410025,0.2684278643839664,6790000
0.34191662986430627,0.8536989743603466,0.3245475943347223,-0.1394441348442102,0.5954498415384158,-0.3557981068576815,-0.10120311647911609,-0.4029654204166132,6790000
-0.7922092529898384,0.06232764562635502,1.0862846285356287,0.25445565978497975,0.06301142916011089,0.229895247945256,0.1863771681382479,-0.5425771899507934,6755000
-0.7141663667105013,0.4347833965089542,1.0840527186037276,-0.4849788223262869,0.5813546774305709,0.16979141809612838,0.02837327669347064,-0.32346447422695757,6720000
1.161543874131974,0.3016221286568623,-0.3889962442229067,-0.5318089435993295,0.48329376201173313,0.07757660673715257,0.3263483096225934,-0.6591238758058374,6685000
1.0205911510130063,-0.13853364443245175,-0.6898709518126109,0.16558286564839655,-0.2719350884952674,-0.24198845360811957,0.26589842747031556,-0.4174261826665599,6650000
-0.06831455168797004,-0.5254711288830876,-0.10591460759830622,-0.07177349434413924,-0.10170350562106081,0.26873349436223143,0.24697990444413884,-0.34185415649033996,6650000
1.1885479615143058,-0.09975917644554307,0.7715439119495262,-0.433798307508628,0.6832921249373006,0.11364879669162542,-0.024148748515098913,-0.21809088351519196,6650000
1.189272544454881,-0.09886931552908873,0.7727309632440349,-0.43504861588623345,0.681499794604591,0.11348563114027009,-0.02383161733079175,-0.216971111022009,6650000
1.4532259757373767,1.0399382166263134,0.08744181973773381,-0.058511280885639005,-0.0025834340774289464,-0.05319148202430237,-0.21040013398100557,0.605707649916597,6650000
1.175698391941669,-0.11712852401320659,0.6206209387446491,0.5198532256371048,0.054530559808655066,0.875344537949242,-0.19314470825396907,0.029126964063986578,6650000
0.07856513264874494,-0.0918800485563776,-0.005403755001942133,-0.9146642185431033,0.11636834452245899,0.07146086648499754,0.2696937795143666,0.08353033028930028,6629000
0.264153915491471,0.46408825730580233,0.3139359819449614,0.5327362495914194,-0.12050418120256133,-0.475953908328908,0.004892561993461659,-0.3872803420176713,6615000
1.3606892720641737,0.6768952723333332,0.2018627123674697,-0.27271992831310266,0.2706595584419533,-0.6537164551758785,-0.1445132340292508,0.06303985259345544,6615000
0.13457156006599508,-0.24080880314500389,0.9085447727284122,0.27639426634917497,0.1448897534704567,0.20375236604512514,0.04714238344270807,-0.48603257809368994,6580000
-0.019485904060199313,-0.5064068712716472,-0.04925280363794271,-0.20747519953452248,-0.5494004289026487,-0.04412629954827932,0.36690978482634445,0.0678617788791191,6510000
1.0831591038293134,-0.49989438332084946,0.725703079406675,0.27072703003839144,0.16567071265040395,0.12138175251516965,-0.08073400045005753,-0.344990515622273,6510000
-0.7389377554152907,0.8756673849489711,-0.15845133238594067,-0.5986449619590228,0.3267126435821255,0.003823965047081137,0.2849200725146945,-0.5936420071611004,6510000
0.0936358646593424,0.2150636452156512,-0.5589837213857662,0.08372104628212004,-0.5297326857749151,-0.545982541823487,0.10676263769928146,-0.04631388292833365,6475000
-0.4127220577457659,1.6354407479728426,0.4146934487549227,-0.1447123307731079,-0.20531804758670363,-0.05163277206927935,-0.13446332615812873,0.6050974458585364,6475000
1.0233139655421322,-0.6471026597490189,0.028626505781492863,-0.20566699445900785,-0.5308769040694796,0.008441941602158934,0.5761275774995517,0.03085936643583801,6440000
0.06687874694467405,-0.26178684515543044,0.6639571995330624,0.27747724856480976,0.15432810080219342,-0.04700079628425035,-0.3767746004744911,-0.17215880303680287,6440000
1.2805683835344293,0.7712450688277703,-0.6940268553962343,-0.4571097210288549,-0.19528946934086033,0.1600925641642697,-0.06106396241283535,0.607408303574198,6419000
1.1773389961923717,-0.13460439643755348,0.6681034765082772,0.5388480186498938,0.09243704133569744,0.953050416810037,-0.09568504194632808,-0.08494541388448085,6405000
0.33442000351254486,0.5542586987460284,0.3244159471352512,0.3908249439161163,-0.5732386978059617,-0.8304290754870871,0.06804750059409433,0.10436139824246823,6300000
0.02447916257208824,-0.460510173901951,0.22748037188635764,-0.15114113839932097,-0.26295720896405883,0.3347961809982301,0.5715629550981771,-0.4193733147358923,6300000
0.19325532302363366,-0.19605492466395122,0.9398300343325241,0.18395740847036768,-0.30222826129371394,-0.1308731862646985,0.2772644962402899,-0.07895237168089596,6300000
1.1577653012073932,0.3724947228781701,-0.6245270812404996,-0.6374909117845731,0.15551630232915906,-0.4386293568952695,-0.013932840541102236,0.020819376293174763,6300000
0.47464710147062283,1.3050853184892892,0.1863847038482443,-0.038243576098649444,0.13885406600237155,0.07952517549098459,-0.3429814779877244,0.43503348239444134,6300000
-0.6912577207073402,0.47872476487379456,1.0760931849592383,-0.4960872096743937,0.5148358290410973,0.11832804781631974,0.04572292540790396,-0.2401167365053766,6293000
-0.6181507703634359,1.2909035689992918,-0.21328855797273974,-0.3664131092241349,0.18050741868281905,0.7781839259343948,0.28342842591723294,-0.24168096204165734,6265000
-0.6002711182046314,1.1791162486288336,0.38348935084227137,-0.2102973459718787,0.43294427632875343,-0.5090945916500372,-0.26075055675447445,-0.1842939038366441,6230000
-0.8463577987834262,0.20965357828556241,0.3180216663387856,-0.9280554922830049,0.15139875444994214,0.2009781490581278,0.34782428106615043,-0.1085388440521589,6230000
0.28716207808125294,0.19230282199473925,0.891812397648735,0.43722420893865627,-0.24478979221412805,0.8225247357612752,0.11160422654407756,0.08077943116853048,6195000
1.1788684423066857,-0.1132353825037181,0.6258142881581241,0.514383126485081,0.046689114603050474,0.8746306886620628,-0.19175725932262533,0.03402596872166215,6195000
1.304291440237208,0.794475220238205,-0.6518893693940253,-0.4159490345765811,-0.1870496536608753,0.2132792659466301,0.15193952504536481,0.5095963574915283,6195000
-0.8408398482748939,0.008508525212797404,1.0033422542846875,0.2562743238128912,0.11638296866701937,0.18231736199073595,-0.03752770378051027,-0.4832574233212882,6160000
0.3439681828067055,0.8929791924688446,0.24228693669385937,-0.154787061291843,0.5412542531987155,-0.48565257856441707,-0.1952326615916615,-0.23238990418340627,6160000
-0.7412020771045882,0.872886569585051,-0.16216086768127994,-0.5947377482790057,0.3323136758718431,0.004333857395066666,0.28392903756373455,-0.5971412962022971,6125000
-0.03413577852322455,-0.5093210734294356,0.08735428457433234,-0.12207103717895099,-0.1920445412399144,0.2381494519796013,0.34510235327071737,-0.3246861156304763,6107500
0.11013452001906973,-0.06060259228737537,-0.0802840896052088,0.04443606801954908,-0.5553468400542201,0.8816828934643872,0.32275936668546934,0.26491973362234766,6090000
0.3524289774650171,1.072713028380777,-0.5185127207662213,-0.47670399938504,-0.27380717427737544,0.18654138147319216,0.07757620131212835,0.5487641182923766,6090000
-0.7298774261547462,0.11746586881604096,1.120273266787593,0.07362771648985426,-0.4600516796021504,-0.16408058484937602,0.2154754239648318,0.004614368474657,6090000
0.875039340779586,-0.7787089919359851,-0.19353128597488597,-0.030709352217199667,0.06377590014217159,0.25339609221379483,0.10598750474537964,-0.329403914955112,6083000
1.2075817970746694,0.410271203265351,-0.5529444151930846,-0.7081265589601285,-0.09770642456415332,-0.5715150592002978,0.15846023238584037,0.19769711940292622,6083000
1.1590575554216358,0.351310456561352,-0.7662795792419009,0.2752349779198846,-0.6730315317249679,0.17145595350547047,-0.12470538319862795,0.4555937334937959,6020000
0.5333397383599466,1.3537625951030372,0.2725087482533892,-0.12419550089987115,-0.1363247074666339,-0.055359304818146986,-0.16670354805301935,0.6256284385456843,6020000
-0.6528663082962994,1.3247694239641563,-0.45400360117300453,-0.37541362500260156,0.09582534649872546,0.4787125809772037,-0.11322316296807297,0.16824802244721723,6020000
1.1226776382584684,-0.14179919295084692,0.4488327412034737,0.5492931339314165,0.10444925359677858,0.7261209065123647,-0.41534271952752694,0.18325670424874738,5950000
1.2584270827308828,0.5783936507221616,0.04505556736233619,-0.16183381426442145,0.6214993700070175,-0.5407913877246552,-0.4439251725740927,-0.1262244912769538,5950000
0.4115454140218627,0.9350686012935445,0.32966369289963166,-0.32284049575276613,0.047180782558265855,-0.8027342811162472,-0.06709701181550855,0.2063001444471621,5950000
1.2926035371785556,0.7838047555647785,-0.6703422130356368,-0.4460284139437596,-0.19025115020404004,0.18414056882908675,0.04275928854474239,0.5601969594724125,5950000
0.4629914254066968,1.2751927731192423,0.26690879501749143,0.010194937575504586,0.38161145455895956,0.35996825378923414,-0.3051893159147999,0.08391403177835027,5950000
0.2272206600024438,0.6673253522795636,-0.45364825064706676,-0.6026873128291548,0.11506091890701048,-0.3798682724949423,0.22771935814971048,-0.1102049859619395,5950000
0.8954237548547356,-0.7525645281611791,-0.16212042561152862,-0.08180811726874443,-0.004051295924345314,0.2354267451038759,0.06563134679478236,-0.26499653268386486,5950000
0.9560150511754469,-0.7578069104090773,0.05753054019935366,-0.13740768056316116,-0.19284105246211986,0.3075825251673297,0.4344093437996529,-0.35548019589227564,5950000
0.18007708354619711,-0.13059287322480848,0.7397563986979602,0.06914669840879435,-0.46960199627401517,-0.471977557684908,-0.2195344872007468,0.43577614954613875,5943000
-0.6961351221859626,0.9593897343416907,-0.28756783490215493,-0.729155284664916,-0.20701581948093914,-0.5614513448808768,0.21786657722670758,0.1387187741377036,5880000
-0.8141271418337116,0.057121663389023525,1.0016147399363682,0.23860181748235626,0.04045438603082027,0.12999737256631164,-0.01851311634846457,-0.3940308800104968,5880000
1.1942632453547588,-0.11404875304372318,0.6417003761987213,0.45289652528971663,-0.15350074464466232,0.717725608413265,-0.13849441380394178,0.22637145183868213,5873000
0.1838476099993192,0.007909066719968277,0.30365618696201063,-1.0374076689743796,-0.11774228183541888,0.05663594600877241,0.5030012219547533,0.14191911360928308,5873000
-0.8149577842231858,0.8586811429806893,-0.5920428390288118,0.3767077411359751,-0.3136490404117505,0.4674434995611558,-0.2986904262287354,0.022383126182028427,5866000
0.07053103320193842,-0.10774889216139609,0.056964359613995035,0.11262868388189712,-0.16122217760106647,1.189124365567948,0.18415148166146597,-0.14832569125728284,5810000
0.09370890101477766,-0.26781811021935364,0.7975014421318467,0.27483181231821247,0.17189032804321552,0.10310808101829029,-0.17154850436922678,-0.36391095290529135,5810000
-0.8506320106070692,0.01597346232703138,0.9425053894578382,0.2513455000481629,0.09864020338296012,0.106447095582689,-0.1385550959116066,-0.3817824859211294,5810000
0.24313370885185745,0.6693691353801241,-0.440881141289706,-0.6969168137516284,-0.12121938249171679,-0.5636482005857881,0.18265325047893746,0.14875189970126088,5803000
-0.8061464368529757,0.047432073983653796,1.0594839765269464,0.24665641219109827,0.06267797714665332,0.20627555285274704,0.08172144782186394,-0.4983052486436131,5775000
-0.7467697139665159,0.12979768135485223,1.0062828593129918,0.14122095607266824,-0.43527500658338725,-0.2578985357550209,0.21721939453632447,0.07725090057766983,5740000
-0.04647427378182182,-0.4854925900364227,-0.022448932134281036,-0.14443176848446201,-0.24545337513512902,0.0847772636499537,0.14621888085159593,-0.11053851589832847,5740000
0.09189744366333938,-0.27004276251048986,0.7945338138955753,0.2779575832622261,0.17637115387498953,0.1035159948966786,-0.17234133232999463,-0.36671038413824864,5740000
1.4592037849971224,1.0472795691870627,0.09723499291742985,-0.06882632500088363,-0.017370159322283276,-0.05453759782298409,-0.20778380171047164,0.6149457729853565,5740000
-0.8079578942044134,0.04520742169251733,1.0565163482906745,0.24978218313511183,0.06715880297842736,0.20668346673113538,0.08092861986109617,-0.5011046798765707,5740000
0.36883479846056505,1.071378676658436,-0.38874367396889475,-0.39459102066952445,-0.033541547907901585,0.5191942078150615,0.3302706738092922,0.10653735939654889,5652500
0.02770890790145218,-0.3980716213187974,0.09838708565869442,-0.22219148668574965,-0.3968403697881691,0.0998429319630984,0.2827516819987093,-0.06455874034218159,5600000
-0.9383711514599715,0.3377444872320091,-0.37858134298723695,0.5673366313512527,0.33620855361858676,-0.005409306345437449,1.120911237950328,-0.4103455614062935,5600000
1.3169598990335167,0.5840837758344134,0.09460329550786438,0.7594690550595831,-0.19509248894365602,0.2660711107338996,-0.13905021934851128,0.03217303716695905,5600000
0.8768942295067803,-0.8278885990009838,-0.061365154087412666,-0.0664532903242527,0.1007562091020308,0.4152964928221414,0.14512578245362048,-0.5089818057616537,5600000
-0.046291637829619196,-0.4418455038364753,-0.11967534319140649,-0.2520956870292369,-0.39945152910581994,-0.12493079435277256,-0.24429596867517026,0.2545802829431301,5600000
-0.031514709747642644,-0.46858350023990375,-0.0026042722567732224,-0.15184646067929314,-0.28515317600727547,0.08642108383029867,0.15827526266312905,-0.09027257985893697,5600000
0.057948486668911045,-0.09990135227586804,0.11746024544124495,-0.8508126959350725,0.45367514651192986,0.3283221018554603,0.14671907066973416,-0.25242812548810223,5600000
0.1861535031426142,0.6402939424585705,-0.5108972723132907,-0.5471491393131842,0.3466412570328542,-0.2489527942225299,0.05915564427327642,-0.27356147621650645,5600000
-0.49670158726858976,1.540130417498248,0.38676209304108256,0.013199534055969353,0.34633632882298937,0.366764338472974,-0.27891512442468736,0.042317319063198036,5600000
0.28574720735978404,0.22868566152238168,0.879615634767612,-0.5603638471922391,0.166061552607511,-0.2968650659314226,0.12921287623269853,0.2640844024209529,5565000
1.4080313060679546,0.9889285617292847,0.12900193272891627,0.08024809611684695,0.5053453693928406,0.3966090611770213,-0.19004313980020962,0.004149997429778,5565000
0.0664897585348893,0.18218357190519494,-0.4951972962924499,0.244058680509625,-0.05443616939175985,-0.0768422063799802,0.19531484486935008,-0.6585897188127168,5530000
-0.004069712170629435,-0.458281475648255,0.03232818507268964,-0.1838788366962819,-0.48303770387817857,-0.04142688207663333,0.32087691027458876,0.05203218752379008,5530000
1.1968076289754868,0.39335597952868856,-0.5712901616812386,-0.6392876198871827,-0.03894268770699056,-0.5373182299907384,0.2578094021729415,0.11238357013336994,5530000
0.2667442073365393,1.0142898902481645,-0.6388273154417615,-0.35950114130283317,0.19813592060458945,0.4491718492196582,-0.2611051692438442,0.21656425256664608,5523000
1.0455411276288078,0.2057969907055534,-0.8138453556324311,0.8144917336731156,0.20596517364374334,0.4244722523251434,0.6946752435916553,0.3986952135107334,5495000
-0.01097783851678715,-0.4241004927774317,-0.0678837884447703,-0.26585748278989896,-0.5819918384268222,-0.2277925536745943,0.020305425584101065,0.34323501438826987,5495000
1.2408717271863814,0.5515616645931418,-0.11427159773918574,0.8501853252918119,0.03649077519909156,0.25373467124991955,-0.5109159888572893,0.0450579016630757,5460000
1.1829394730970173,-0.1262636827296764,0.6819413971124499,0.5107852106301718,0.08127946901720844,0.9467767741099843,-0.09874282640314616,-0.0734378054298054,5460000
0.3367423348629389,0.5704767980128869,0.8121540770958303,-0.2583990261360304,0.4667990242771894,0.8391808550569484,-0.20763254401506007,0.2068119965886893,5460000
0.3240903831773157,1.0398312226864364,-0.45201698095475007,-0.33270753213720666,0.2071348666564434,0.6509377512606026,0.1600975191724996,-0.06250197626092163,5460000
0.43429547026461146,1.278932646323295,0.13030789533534734,0.016059917894435567,0.36866447792466467,0.21027952778143355,-0.511232024819655,0.2727827674768925,5425000
1.2960684758542576,0.768798390959861,-0.5657416227170435,-0.37343385684133273,0.04721656994450075,0.4929493474453336,0.1912340961039444,0.1637818290618916,5390000
-0.7742107919344179,0.872162883173715,-0.5830040693797083,0.35669368294544707,-0.454711719905002,0.5156382351257671,-0.01994689258583664,-0.012318781107881751,5383000
-0.5221078992264979,1.2319856223576335,0.49217664681962425,-0.3647688565924956,-0.05250621450945607,-0.80180195843434,-0.029425918389358145,0.20494525570577282,5320000
0.1338093891017615,-0.18887703086869337,0.6592952241894938,0.16738306412161985,-0.3578498840321988,-0.4565462484150363,-0.23427569046316712,0.3614213099115692,5285000
1.1558555314664993,0.14051628492632992,0.09738781787706591,0.6133302359069653,0.21564693815026692,-0.35078406375382526,-0.2072383538654897,-0.5477962988901613,5250000
0.00863081140782961,-0.3216261339944862,0.6033482290309455,0.6611905001586957,0.6478781289253974,-0.11100669477173454,0.32534628824007844,0.255271999174463,5250000
0.040289611395913735,0.1926720078754177,-0.6270145105262006,0.19536949496975187,-0.10566950883201004,-0.25886359517310503,-0.11370025760331527,-0.3972008345792337,5250000
0.08751700524325952,-0.009028630250833844,-0.023307670890883116,-0.9738123156797632,0.0826791326695008,-0.11230532654152274,-0.07671633687748858,0.35958942645052566,5250000
-0.37873664713748123,1.638196859458908,0.5599598228869793,-0.15970456224855856,-0.20545508238118892,0.09686484541362726,0.07389444039216853,0.4244030493602298,5250000
-0.739132403065883,0.49567193133422904,0.8224510247071299,-0.46893112033925716,0.5002085428154938,-0.1564343992435047,-0.2636412723096958,0.0865181813761116,5250000
-0.6328317037332417,1.2906727977938095,-0.34092671642794764,-0.4012549683803978,-0.03191216906873302,0.4769133230412044,0.13555363613646856,0.1345483230920204,5250000
0.17848796856527183,0.032815351529809626,0.07868708234274592,-0.0582357731522548,-0.78203908964098,0.7190232155576372,0.34642069713931095,0.4994538376870816,5250000
1.1028616526859278,-0.44085780803571445,0.5594376753603391,0.12982968491260474,-0.3430300442156487,-0.47046239709648513,-0.26196254839150446,0.42033445088978344,5250000
0.14612733027689032,0.5970419204279103,-0.5797434124419428,-0.5601778872693368,0.37872887383883597,-0.29846827109939483,-0.16098329483183446,-0.20094441123045373,5243000
0.3568217615422548,1.0781078101867823,-0.5113162222932632,-0.48428399392427296,-0.28467317691942745,0.18555219031810025,0.07949880911699052,0.5555527390322984,5229000
-0.0083266369465095,-0.4635094085324253,0.025354258717451884,-0.17653327497785018,-0.4725077631735096,-0.040468284462420706,0.3190137645667843,0.04545352412634023,5215000
0.19456120180016803,0.4095780956052217,0.13581723829647074,0.8574520476893374,0.15506971914031914,-0.8469941600616501,0.5550898415194889,0.42438806474075086,5215000
1.27939906507915,0.75201013248581,-0.5923554440084017,-0.3949173661124739,0.05633734443871475,0.46493241349335823,0.0798735827112103,0.2066839951521428,5215000
-0.05476316129144852,-0.3935761705808035,0.4962196846543923,0.6884841973803176,0.7377683989612643,-0.1552600826173896,0.09497986844106246,0.2917764012553651,5145000
0.06678487585604806,-0.034489775722887514,-0.057272176055009394,-0.9380378672255286,0.13396218431415488,-0.10763675220336778,-0.08579025288847668,0.327549935989328,5145000
1.0963012714566065,0.2761602573354234,-0.7561687759195863,0.47862109310397466,-0.10695379998744177,0.6436026869822601,-0.057247796592846095,-0.20886155448569355,5110000
-0.9191603869835016,0.42261015742247876,-0.416478555788769,0.1913587418509519,-0.08972911140378095,-0.1277422386546235,0.002098783514123466,-0.6029744170730649,5110000
0.9972077701808519,-0.3487315812656482,-0.12942632023766648,-0.8940578826093734,0.42075732303175684,0.1432186114917611,-0.18053744338240757,0.056616293992665524,5110000
0.31481075404961145,0.863075084185001,0.19124656598283596,-0.1865704349120765,0.5464569150140526,-0.537615538711612,-0.4106146329321653,-0.14297625179960882,5110000
-0.7592914949216025,0.4400579839178186,0.8717738438782251,-0.5044387702703401,0.53227375539671,-0.08103116234213333,-0.38015744797697026,0.022432848047742322,5075000
-0.0068299747736021285,0.42742604506433207,-0.9326236231248503,0.8044957744580562,0.344276219435239,0.3323682734285449,0.0351374241265452,0.5474820038656795,5040000
1.1334848294511142,-0.44445155428729916,0.7031638518446864,0.15248781354636481,-0.3000417403032345,-0.2944495069824607,0.04347943144984372,0.16863354480955325,5040000
0.20240544393044133,0.6255869387943537,-0.527828023731097,0.31784145808708336,-0.3370977472207114,0.6038115584003944,-0.10624062558151125,-0.08011199423020772,5040000
1.2047450182283523,0.7227120346828025,-0.7942179615947028,-0.325074630728736,0.2870689356760537,0.44726053322961884,-0.29687347556415195,0.2246377762671331,5040000
0.11182302883264714,0.5555446942093301,-0.7697826948360285,0.3986463477001704,-0.23177071610140473,0.4413006176610248,-0.4379252109242752,0.07892773803913172,5033000
0.1772096046185076,0.6299418483158977,-0.6593897593995768,0.3679143024401338,-0.326589894552223,0.4851053002404524,-0.20668668036841442,0.045502710314482823,5005000
0.17888248685414448,0.271186080333019,-0.3271602705425137,0.11261838486600417,-0.5576356343742742,-0.31872877187657533,0.6442413728651202,-0.35092580420181646,4970000
0.15659453013030958,0.5754317006169447,-0.7494878411483082,0.35328890221121195,-0.3800926494395018,0.4835765955997812,-0.16292922206406246,0.05329793403122394,4970000
0.14604434909065317,0.3366370038481448,0.151985342127021,0.9376479450661008,0.45419850658455024,-0.5850086267249046,0.4781930454325121,0.08211375317876364,4956000
0.07546505479049148,-0.25124199329544494,0.6780237573729887,0.26266109429018564,0.13308898635958433,-0.04893430806781114,-0.37301659594045133,-0.1588894989925847,4935000
0.8763213331008471,-0.7935232738482814,-0.20671757006129463,-0.11561646584343689,-0.15371723399488027,0.05953179228227724,0.005239874642366848,-0.06015265275373152,4907000
0.2035552452412615,0.41675363839076324,0.22538428637407046,0.5717296319277897,0.12727663623169969,-0.3724108600806174,-0.2762843334537196,-0.5121577675300598,4900000
0.2053832593933031,0.7057161101441838,0.0032368829677092994,1.1784902374729798,0.52306668047148,0.2663275095468347,0.09659696508803328,0.37369520475111584,4900000
0.0369468685995383,0.17106773712120033,-0.6457932893204051,0.13436693918214157,-0.2943186316389791,-0.4383073987366825,-0.16719412649705043,-0.16800190292237072,4900000
-0.08379171392417385,-0.5079189696147637,-0.0735549633514233,-0.09536394082259972,-0.023148346481057343,0.2148483601941024,-0.020703679146048426,-0.2681001835006736,4900000
0.12548849409306853,0.570106568008361,-0.7434271870627867,0.4069144609356539,-0.23076514021318112,0.46498149983529213,-0.3333884148020063,0.03423588204700794,4900000
0.14203647916599269,-0.1773105713386688,0.6774362057362605,0.13478788823307813,-0.3755046538067602,-0.46341136623875234,-0.2361838743768717,0.3769880936540328,4900000
0.28911087502470023,0.8321449563493182,0.015303517711039345,0.7574063880733665,-0.0853265976271149,0.20021575912646253,-0.6837906162109586,0.15019319582652438,4900000
0.18978816937033038,0.3998462809781282,0.2028303117784077,0.5954854911022923,0.1613309125531825,-0.3693107146048657,-0.28230982595555526,-0.5334334449005361,4900000
-0.094719407888621,-0.5580999839498291,-0.0058356840682903055,-0.06470473674930048,0.05300328843433601,0.3467016099049409,0.06944100895873455,-0.45239291277537214,4900000
-1.051509972905454,-0.21163504165224906,-0.060406679564693436,-0.1540114655024633,-0.1573100783808232,0.04054282913092285,-0.289980938686705,-0.023073085504451873,4900000
0.23778604340947726,0.6222314828021144,-0.48992446517681454,0.28744125912013124,-0.6846083087543109,0.35250885905677315,0.21042391250393838,0.17434766615629513,4900000
0.9525645210303061,-0.684310751037773,-0.1814308764662845,-0.27550434252639255,-0.5562384675833719,-0.23545545534990966,-0.004284006489379902,0.39078051847345646,4900000
0.3170388511132545,0.5034123955888672,0.39451353058343014,0.48865447567382614,-0.34650850109177206,-0.582772432271097,0.27718438747218116,-0.27147112761284464,4893000
0.04965286544666921,0.20195033248300023,-0.6077071198141034,0.21106131419726706,-0.09402197159332294,-0.23421391753766543,-0.011046427887869942,-0.44854133974963123,4893000
-0.9458889304430953,0.43098690610000634,-0.5538243315651327,0.16198020568756302,-0.14235119085450948,-0.304632143607183,-0.30163861621157384,-0.34525473384197625,4865000
-1.0246592335665334,-0.2566224256889112,0.16276090773605878,-0.1130409280242576,-0.05586940158852297,0.346797709136152,0.10873739970445909,-0.4480089674891986,4830000
0.09341471762491411,-0.025188844662250097,-0.023675151431868525,-0.9686636463177113,-0.0619059719324497,-0.23530115686502492,0.07645462214063742,0.4685949593172242,4830000
1.2348270604118226,-0.047065317545090524,0.7384072825488968,-0.5769034809488498,0.19278091092871838,-0.3280293676745143,-0.0002621962657891369,0.35509001275576196,4830000
0.1482109607634437,0.15000647252682908,0.5768295079480497,-0.46103713728801876,0.6127182155364946,-0.2322253300309768,-0.6227573270230968,0.21658967336997886,4830000
-0.882931239954735,0.4671032032452026,-0.3571259910633407,0.12884332297068163,-0.17934562803926196,-0.13590051622239088,0.01795534272948056,-0.5469857924139164,4795000
0.3758475169287774,0.5208467265815301,0.6259364423857287,0.40240656717172635,-0.39819644816403,-0.39355997520391517,0.4890835220742779,-0.461748248844304,4795000
-0.08061766041728148,-0.5077043707096776,-0.06904997242028738,-0.05059343801855765,0.001113031471445202,0.24590425254007106,0.08475026593896504,-0.33185811227645773,4767000
0.29508147508900606,0.5235527733955322,0.26171106096140717,0.3689468761088309,-0.47785378655629124,-0.8192655243130659,-0.2270853158888381,0.12809555499533384,4760000
1.2047863936877514,0.1794258134284456,0.16355159335813405,0.512374161485911,-0.07019359087443526,-0.5102284806451509,-0.1337886757975986,-0.3064767124397717,4760000
-0.6549692993421273,0.5603511596218732,0.9330316646853937,-0.6974530428006894,-0.06970029510380579,-0.5040091457386883,-0.22680219171098867,0.6166505875891927,4760000
0.15146780448777128,-0.17520885723524546,0.683904402750455,0.09432772235383048,-0.4986407673098661,-0.5531271856871455,-0.25531696199643705,0.5073193899680749,4753000
0.10594653077139464,-0.2722797667405538,0.8623446050776628,0.2755408453085228,0.18358397845437965,0.17842766369051297,-0.06945079449109386,-0.46160665814095786,4690000
1.16292312405689,0.16921559221353022,0.0014112836677228032,0.5091114415597551,-0.08537837050069168,-0.6837102651437754,-0.44415015313551126,-0.07214627716004243,4690000
-0.025358339191904885,-0.4807425974647034,-0.001853088221160421,-0.19739163006018884,-0.46249082351294063,-0.06840363563871843,0.20749468558189665,0.08779580397000003,4690000
0.27410636728878723,0.6843355485164658,-0.4171200143412884,0.2915391548719754,-0.5775326202147887,0.5245265904642903,0.27835121442345245,-0.0038876199045776135,4690000
0.010297610800204582,-0.11721933756096369,-0.054161636464053545,-0.8440885776951055,0.4528066054181915,0.15614360219828638,-0.16617549200283185,-0.027041872997671888,4690000
-0.01056577175309045,-0.10608097093533846,-0.1739627912937501,-0.8198905017009677,0.4552934638504328,0.03144924105316362,-0.2702343108190906,0.10812083813862375,4690000
0.9690232854885465,-0.14558476705035386,-0.7073025482057262,0.23919095340065505,0.05800336502046739,-0.13430809146686398,-0.06410606109032799,-0.5680011946304522,4655000
-0.652523888312927,1.11703925633336,0.16870882198083012,0.761099103250082,-0.1304621501169136,0.22970353482937833,-0.5510570207937153,0.07069324785917011,4620000
0.13903745972356407,0.2281565235314721,-0.3957096478475385,0.09927705981545011,-0.5259961001514699,-0.368285040141279,0.424181716556086,-0.27802879609246783,4620000
0.23015686333341787,0.1844502285020161,0.6647338310473863,0.41986514258461116,-0.2617883172898584,0.5693648815494082,-0.30763507240459115,0.4111698504998665,4620000
0.2413248545605857,0.9463116575840091,-0.5948490620488,-0.30383576967742615,0.31013416217417517,0.584288409957604,-0.17730310482520403,0.009876073428288406,4620000
0.03976275631742369,0.15672703581973996,-0.5375930958127755,0.18968259802169296,-0.052549634689306825,-0.13436495994004843,-0.02451235985931546,-0.5625674626319195,4620000
0.07027877808809671,0.18829963332193553,-0.4843270039245484,0.21912164343391632,-0.06111291587847473,-0.08270793520164459,0.19146423245176417,-0.6498815415909989,4613000
0.8745098757494089,-0.7957479261394175,-0.20968519829756602,-0.11249069489942343,-0.14923640816310618,0.05993970616066553,0.004447046681598987,-0.06295208398668897,4585000
0.05430640539994051,-0.08879599550446632,0.01187453381668538,-0.8728540739870323,0.2487583321046737,0.05132385626020033,0.10223147646812511,0.07505012836566337,4585000
-0.04919958863213535,-0.4710406561204054,-0.1305007442300973,-0.19990371587121397,-0.48744641337638983,-0.21918557084059975,0.003576755611899347,0.28416701537286804,4550000
0.9952788338738634,-0.565155357863814,0.4928381237278825,0.32847034514217827,0.2670094927820601,-0.04675016871883136,-0.4167448949868682,-0.1789222648709902,4550000
0.9581998278137028,-0.15887706448989286,-0.7250341269174477,0.25786743479113566,0.08477629936531733,-0.13187080604349335,-0.06884320815591594,-0.5847277962473728,4550000
0.27745239097884206,0.9884592197931288,-0.5316949641457924,-0.3343272161477099,0.25557749774840044,0.6029111600398553,-0.06293524198941397,-0.00010283527516343535,4550000
-0.8284435375702808,0.2472322973214849,0.24775073072585585,-0.9872935445687256,-0.10683988735542523,-0.08087427168995369,0.3127713395976789,0.25225264147380005,4550000
-0.017811601158843657,-0.11497958009988327,-0.18583330423883582,-0.8073874179249136,0.4732167671775291,0.033080896566717206,-0.27340562266216206,0.0969231132067939,4550000
-0.8493073602990275,-0.12149203844000593,0.47372113182238584,-0.3236322502175386,-0.7378383477093097,0.1079751023922312,0.7572559724827753,-0.10970999148944581,4550000
0.12659040938874458,0.5699970677776882,-0.7462848831927553,0.423411916462526,-0.23618662347225608,0.46974586118530787,-0.32739716689034726,0.03308616915427519,4543000
1.250226148417208,0.7336818946141328,-0.6268455920552689,-0.2778072218798217,0.3254172909260283,0.6516982711740069,0.11913618970916257,-0.07276472713630573,4543000
-0.08982847303973743,-0.5520934227637614,0.0021769121696426606,-0.07314431829813704,0.04090505868854606,0.3456002424332923,0.07158164445280768,-0.44483444844638687,4515000
0.0698343670540225,0.17025480623353603,-0.49835757754071874,0.15311785413588463,-0.2569313600162823,-0.26280440097064345,0.13923888829525755,-0.41620351996140414,4515000
-0.08235209556890223,-0.4649488778100684,-0.16475412005376625,-0.1733482151653987,-0.14544726761587246,0.03161539443260355,-0.31211260408180563,0.03315065540290284,4515000
0.9339879086156547,-0.42637194622630115,-0.23299654568353892,-0.784968476663302,0.5771381445606711,0.15745480584751512,-0.20820713921320547,-0.04108385603754852,4515000
0.16477981645242235,-0.19058155505669594,0.8082531993928267,0.17104312047329673,-0.31302475752612874,-0.2856240507537384,0.06580930383513629,0.11310966171043797,4480000
-0.8605784536981665,0.060538522358521245,0.7330339104208752,0.1646825184390618,-0.20942000172827693,-0.3520402839439593,-0.4778409545812554,0.23497903831531985,4480000
0.9187108538272264,-0.764867867854759,-0.14730217978259233,-0.17343645214853717,-0.3885685749779193,-0.07168146312135884,0.1743823529301613,0.10524742230089444,4480000
0.8437836696709902,-0.7710982058823724,-0.33958273115428533,-0.11844790490801328,-0.027164843346287774,0.03237591434600817,-0.3530739335451428,0.022887904527518634,4480000
-0.06584582969927386,-0.5070621185525327,-0.05815246885177771,-0.14285370324630284,-0.23234434965326436,0.062381310192609826,0.03918467665290843,-0.07466486829002064,4480000
1.1661837472894794,0.1732199663375753,0.006753014493011499,0.5034850538605306,-0.09344385699788486,-0.6844445101248746,-0.44272306280612916,-0.06710730094071896,4473000
1.0351504288817432,-0.539592218554971,0.5481285107581678,0.27499518044925697,0.038386499705187135,-0.1773964238315075,-0.24870444756454121,-0.017413399230175094,4473000
-0.11484716975840294,-0.5438375054087021,-0.12839970219287056,-0.07362465299555342,0.018862005615749817,0.19508345125236334,-0.13285162369168868,-0.2502828673449412,4473000
0.1023128777375961,0.5438652696808652,-0.7853627430764536,0.41505664515624136,-0.20824638048459096,0.4434421655225637,-0.44208755771830627,0.06423072406610522,4445000
-0.21793975471579727,-0.6528463913728405,-0.2657487039321211,0.30537440135325605,0.5564186472574546,0.08264712680452721,0.3470214035421274,0.24231851277271074,4410000
0.02482927091099555,0.14060790541691381,-0.5660259433514071,0.18360252444701902,-0.050418632495288655,-0.1577603023994438,-0.12960413555412176,-0.519835208502866,4410000
0.0014104320352190853,-0.13035438478657846,-0.06475310023239104,-0.7969046162066541,0.5095984629120023,0.18490301215848892,-0.07150940399212277,-0.10658664784011554,4403000
-0.8578097319323984,0.25014904917781744,0.11005180859629136,-0.9802720290005096,-0.11812895843196378,-0.2304120695627506,0.10643528434733983,0.44008558761614797,4403000
-0.05787541735294526,-0.4972736484715334,-0.04509490461218349,-0.15660709539996231,-0.2520599833130702,0.060586489127700996,0.04267311968028698,-0.062347370865007946,4403000
0.08036306646995144,-0.24744743658551327,0.6900159444826766,0.2860579388946944,0.15578175927359433,-0.023279122722144146,-0.27231708714829894,-0.21713060215222246,4382000
-1.0520328248420685,-0.251258556312329,0.02832637666639271,-0.10945776049445637,-0.07208738108001282,0.1968112059971279,-0.09672654478903546,-0.25709664699059737,4375000
0.929859684986072,-0.8033138539754838,-0.08713367664450988,-0.11405123546445743,-0.24249128605086073,0.2609967377069391,0.48306508769457907,-0.30830230196755026,4340000
-0.0746951655611381,0.030429326753062334,-0.6876094165681775,0.636066133128925,0.565333097165639,-0.20410475600563227,0.5982200177279972,-0.1862458618901744,4340000
0.20759563595245561,0.6241360178659797,-0.6289736581538827,0.2958850004678734,-0.6938586040773922,0.2031566619986429,0.0037271205314499544,0.3609068710876475,4340000
0.9281193943117679,-0.7555339269398982,-0.12792059836458858,-0.15782277719462193,-0.3770330583850265,-0.047041983332878796,0.27705600334462555,0.05397690291132065,4340000
-0.07428156282912271,-0.4962395450862986,-0.05797491511099818,-0.1117742382786705,-0.04667268209787113,0.21270681233256325,-0.01654133235201724,-0.2534031695276472,4340000
0.9326668462060579,-0.14903204530021552,-0.8604212680578722,0.22642588980469797,0.0291968748656179,-0.3090299341557891,-0.37205734142750646,-0.32516048840253226,4319000
-0.10154108704848759,-0.5096973987161293,-0.2101880043976848,-0.15675967323682494,-0.26278634123671146,-0.11248942106192726,-0.26847722147858966,0.16919763033792865,4305000
0.0744040344750269,-0.022911985101067962,-0.04875805205206181,-0.9830337890531705,0.08030690490258596,-0.13611062244869856,-0.18101132047172325,0.4051351089687014,4305000
0.23554617324463328,0.6210694767846133,-0.3637218351800785,-0.6401726020619687,-0.01852146444698764,-0.40578895959386857,0.3728156153296124,-0.09618944359341867,4277000
0.8127282138367599,-0.8070167416763105,-0.3944274699957325,-0.09670861708096691,0.014845508750519267,0.012611005404269151,-0.4652218780907829,0.040705220683251185,4270000
-1.0436890832825143,-0.23879090477405499,0.03802755196384866,-0.1557039906997039,-0.12753499082429126,0.16817417020044195,-0.19163048118797488,-0.17839170151804096,4270000
1.0525141760588805,-0.5004688907302535,0.4729876958026012,0.18485843329339485,-0.25329889701044817,-0.48588302323338806,-0.382554110719322,0.40833782441451943,4270000
-0.7527247280994749,0.9726003252779338,0.12568685569803764,1.1787597843774327,0.4838708321327073,0.2727666695869852,0.12356488104381781,0.3345479943648013,4270000
0.8475067047673175,-0.8077280386573295,-0.2399258339785686,-0.04937207775565267,0.0823637241679711,0.2144463255540999,-0.05940544892119725,-0.2703845553621291,4270000
0.8696999662422187,-0.7604528847391421,-0.31112267241504554,-0.17969105948537586,-0.2560764801783007,-0.12188595672039322,-0.2896971347188072,0.2286407171631844,4270000
0.026510893975214615,-0.10111726685493848,-0.1535042618873818,0.09126201566199565,-0.21303640339230964,0.9380529576638694,-0.22389561795290658,0.19927928406952106,4235000
1.0572914005071445,0.27250584116936566,-0.7790994709152449,-0.4794430801596798,0.5340453236080329,-0.2943363429811104,-0.2084973473909178,-0.23434446124623087,4235000
-0.8693106065957006,0.03201566270106755,0.8223154739222748,0.23992496704669924,0.06091425989895474,-0.045497394172599355,-0.34021346619341547,-0.17743289550433244,4200000
-0.7324529625639691,0.710778611476375,0.38403932358691006,0.5338647733152777,0.03341471274528396,-0.3709482493568051,-0.23964391637656726,-0.5171519168742936,4200000
0.20973513608333352,0.6289842353071124,-0.6294366095656562,0.2603445357458722,-0.7339593853478447,0.17591673123543736,-0.0938922516331194,0.43002376458732505,4200000
-0.1740874036966633,-0.6085788956122847,-0.19132922670727562,0.36204837457360584,0.5469793111045369,0.16307164703114102,0.6728997057981284,0.10695131425473865,4200000
-0.7513555200262277,0.6875643648183687,0.35307212294141754,0.5664821931160587,0.08017213029984602,-0.36669166803582254,-0.2479170761471798,-0.5463639817902044,4200000
-0.19395403669705946,-0.629293665380191,-0.22318091183565256,0.34608185101864825,0.564008743191832,0.13577468107452112,0.5601398510546389,0.14491248421881994,4200000
-1.1494093333920736,-0.33544862868375536,-0.20324528958764915,0.19950325386849826,0.20259557394436395,-0.22148883161455146,0.2441989355022622,0.6432556139438328,4200000
-0.18260525639029865,-0.6153562187762226,-0.20458872093541228,0.32649889605440374,0.5359363693557677,0.1332191006264179,0.5651069182288497,0.16245092089329827,4200000
-0.23282087685786323,-0.6711219099445241,-0.29012776989309075,0.33105260965832717,0.5932286314654784,0.08599813931548762,0.34050832184441954,0.21932118519396554,4200000
0.12856429160574645,-0.21311743486570978,0.7542894720457161,0.23660840366203126,-0.0961412121311322,-0.15078859285957405,-0.09512200825084906,-0.04560171878464003,4200000
-0.8922562421727673,0.4519677013414491,-0.37309763496247755,0.19518164528841692,-0.12416655184751842,-0.10203001811554238,0.11793877488519594,-0.6300597966971067,4200000
-0.02602773579419403,-0.4754595005469984,-0.1495596099904875,-0.2398383978608765,-0.6171479054595401,-0.19880381228876956,0.17056336188168011,0.29096755855673057,4200000
0.9429645064190443,-0.7078021369903272,-0.20217286134354737,-0.2512762296307131,-0.5974900989347325,-0.29412754711912537,0.06680915732146384,0.4258902250404933,4200000
-0.08467487687489555,-0.5457642869954789,0.010619814501834787,-0.08203713663385534,0.028157109197148904,0.3444397274492773,0.07383724000119217,-0.436870066588623,4200000
0.007207095559821795,-0.1232354974549427,-0.0552566898763224,-0.8069070832274973,0.49525982025032533,0.18359768774764607,-0.06897235451766573,-0.09762846789465178,4200000
-0.8767449958538038,0.1723350361017527,0.26823970267533265,-0.875620684697178,0.22656460777795154,0.20782090436809272,0.3345245920242699,-0.1554993029850197,4200000
0.9508428402715609,-0.1289307872962554,-0.8266763659763148,0.22691083338958756,0.01904519443272416,-0.2863647575387089,-0.2655464036829257,-0.36288176062459204,4200000
0.1545921138866029,0.2782224660028521,-0.46413658646025757,-0.013799619091526587,-0.745512483273875,-0.6205428791559298,0.20873645058203308,0.09783367016239482,4193000
-0.07118962888601689,-0.5136248428113844,-0.06690697214877837,-0.1336326789614629,-0.21912591344953095,0.06358465613385544,0.03684583416864327,-0.08292319042724507,4193000
-0.05860000029352058,-0.49816350938798787,-0.046281955906691964,-0.15535678702235678,-0.2502676529803605,0.06074965467905627,0.04235598849597978,-0.06346714335819093,4165000
-0.02128256015116873,-0.47573712980964694,0.004824075310450315,-0.20442461468421919,-0.47257268163443217,-0.06932144186509219,0.20927854849362418,0.09409452424415413,4165000
0.07523250996130876,0.17688427006112215,-0.48951404539662985,0.1438030567227243,-0.2702842209949688,-0.26401998432824086,0.14160151561834572,-0.4078612148871909,4165000
0.07748284928116457,-0.25098463372841984,0.6852974155870053,0.2910279146956759,0.16290627234611504,-0.022630539655506675,-0.2735776836059198,-0.22158169781262466,4130000
0.023574914187020058,0.17582813309408823,-0.6537025225234654,0.17396412997221064,-0.09643671369200146,-0.2868703312781206,-0.2250805916950686,-0.3543686542698063,4130000
0.05451800490848993,0.1926468643452217,-0.6170072954285725,0.10404696102521054,-0.33778264220718734,-0.44226416335704977,-0.15950369527760228,-0.1408474199626838,4123000
1.2328855340756029,0.547026053417141,0.0032120092309088125,-0.117760443953831,0.6846790142350314,-0.5350398020393793,-0.45510404682091915,-0.16569647166165344,4098500
-0.0921999497235488,-0.5197078943739015,-0.09199270772181696,-0.06245618783965661,-0.005045494123318626,0.2217542694056571,-0.018874778028420656,-0.283946910366433,4095000
-0.07978301356241099,-0.5219576901952339,-0.08495312086046013,-0.1506529508401842,-0.23267780166672195,0.03876161510010066,-0.0654710436634755,-0.030392926982840456,4095000
0.033357238417186255,-0.26175254256966396,0.5154828178706808,0.25982035344147136,0.11850911822061738,-0.22236102419285342,-0.6834851050530678,0.07506301307069534,4095000
-0.9208894344527478,0.4087785624478078,-0.3945246357692665,0.49287099377643245,0.13401913424854653,-0.32614312079717295,0.8795462086104766,0.011692023809894954,4060000
-0.9326328302614485,-0.15511318164607374,0.20318017433660493,-0.2345906138886892,-0.5953158215331859,-0.041640797392997385,0.3607758502704969,0.05854370054701131,4060000
-0.13234831846859949,-0.5263492810454274,-0.24666065937485743,-0.08707693711062585,-0.021776474658908633,0.042873817476122636,-0.33399465579899834,-0.04411364662672207,4060000
0.3171460061077679,0.4682460518350869,0.4849736151795508,0.4818735588953626,-0.29495691599018997,-0.4584165668954763,0.3666497750024498,-0.43585795473399536,4060000
1.0435728780401805,-0.3408176488497383,-0.06955934369982357,-0.911563827343702,0.08088395961740653,-0.08379949313757801,0.23949050544337444,0.26224094016226784,4060000
0.0004441299474972733,-0.48561423867355125,-0.017297251521296304,-0.1916180779626055,-0.5665866898940559,-0.016843610577402905,0.4796973885484606,0.029998589008190944,4025000
1.1749622808428921,0.17809673634613638,0.02440756754598109,0.570433350600916,-0.04823722820576429,-0.6278925188458101,-0.23626040602426365,-0.18801455469528738,4025000
-0.012245149311432517,-0.43735847819075935,-0.07497468343518487,-0.2560079162366817,-0.6438552686043435,-0.2883410492843965,0.09504559801447689,0.39122210462691054,4025000
0.09613327721392959,0.30242783345080937,0.08094265315013109,0.9581992788327913,0.6755424516113442,-0.4838722703591051,0.20169383495386148,-0.026247028059176135,4007500
0.06686770920173606,-0.26402109615447783,0.6679071141224544,0.30934493242759503,0.18916391172031102,-0.020240164328150786,-0.2782236554560195,-0.23798636483775534,4007500
-1.027519706698307,0.34389389431064826,-0.6480774332434192,0.5676429843659432,0.4117344782585904,-0.36838506274050614,0.3847392406738921,0.048892777096646106,3990000
0.01724368713094707,-0.32854769962720437,0.6041557965961324,0.5795578561405965,0.4296555556287196,-0.2931427299326754,0.2770850838874111,0.5029471769688448,3990000
0.11724075850006112,0.32466649003814374,0.1148271636203544,0.9720246492910994,0.6554436538292837,-0.45685472540918115,0.31499677685047667,-0.062290587628681574,3990000
0.8299466062013032,-0.8270729148823031,-0.2726617424597939,-0.05091978346150705,0.09099192381806159,0.19164245821836753,-0.16564682515911686,-0.23171147652086382,3990000
-0.6887055439848986,1.2476779832303704,-0.42640085165626423,-0.3520156724051825,0.20148551344290494,0.5844049048827342,-0.1380463554775179,0.014120047152813972,3990000
1.220369061518121,0.40900141420333014,-0.6675773625620844,0.25919744417628643,-0.8227688603140578,0.15534440698659804,0.18004443644841864,0.4658166775967039,3920000
0.1710561940076209,0.5848662031586503,-0.5752180776292004,0.4037849792813023,-0.22474364941290265,0.6376291004526126,-0.02140560428432337,-0.19436971636132336,3920000
-0.11946638600457066,-0.5495103687510993,-0.1359671541953628,-0.06565393708831892,0.030288111486773725,0.19612363164225366,-0.1348733349916467,-0.2574214169889825,3920000
0.8338183094232713,-0.8373953938567751,-0.42692621867788405,-0.11772560870019809,-0.23970305014561702,-0.08820620573310212,-0.14855671997005848,0.14417980215263482,3920000
1.1873429878570012,0.17580244747898136,0.03138780184261269,0.48229910301926876,-0.275779919232532,-0.8108770148737986,-0.282872528218534,0.06548344006364597,3920000
0.15815844959379352,-0.1575111659475567,0.703848097039076,0.10696852683135802,-0.41538400370954925,-0.4670417997564088,-0.22912770552603787,0.40190303162735386,3920000
-0.7949147062796441,0.8789806898021695,-0.4260619874777027,-0.5072604456933602,0.3642398761118181,-0.2373433257738071,0.07607446582632833,-0.34819147748055634,3920000
0.12760329305897708,0.5359430501694763,-0.6543409844784992,0.4150681142120558,-0.1868754512865609,0.5938977696217345,-0.23753536537969497,-0.12990094235039693,3885000
0.8579265876799631,-0.7986148305876984,-0.2235503301023472,-0.01710465872766467,0.08870179879337742,0.24387056238651514,0.049219808006887786,-0.3229447592060835,3885000
-0.056621369382192935,-0.4793448533516465,-0.027753940994994866,-0.076076061095344,-0.040840005340502056,0.2538797096294749,0.1445307089283748,-0.3276794293402481,3850000
0.09374147841172738,0.21373058622485339,-0.5634736130456842,0.1019376758281996,-0.5326897148265144,-0.5409938278403575,0.11231783023251832,-0.04900328299919295,3850000
1.0270880249651204,-0.5260904636314626,0.5449496755568084,0.2735818073653011,0.18832619117610783,-0.05391313642333101,-0.4028228359957848,-0.12976425242025788,3850000
-0.14864039688860614,-0.5441369006666059,-0.2773192280906927,-0.09081268247728957,-0.016284853091059853,0.01978441042551851,-0.4396810524643806,-0.003480965922386567,3850000
-0.1507235728427604,-0.5466952508014126,-0.2807320005624049,-0.0872180458916741,-0.011131903384519687,0.020253511385665068,-0.44059280461926364,-0.006700311840287618,3850000
0.13459987493028785,0.5439036430991778,-0.5090386977462052,-0.4966351237764479,0.4911725880676736,-0.13972181742198042,0.027454669204170428,-0.4519745174568153,3850000
0.09401510161105524,0.25471246508884593,-0.17369612663672135,-0.5797398775990468,0.3634880743771824,0.9120929282201103,-0.28244727197568276,0.33344237658408504,3850000
-1.0570143325585237,-0.25737635011295357,0.020165399016646327,-0.10086189039841922,-0.05976511004263422,0.19793296916269584,-0.09890682168114708,-0.2647950828812303,3836000
-0.10217301863881159,0.037533432101025846,-0.8328296647113842,0.6104551257786294,0.4944644754743449,-0.38919250386087745,0.2503857447449363,0.10036847233487625,3815000
-0.10298212410648203,-0.52926603290176,-0.10896173724529286,-0.09409845267884182,-0.010487403582370117,0.1924116153489195,-0.12765860054865924,-0.23194659276907,3780000
-0.0807035434985991,-0.5559644100939385,-0.14348144216326023,-0.1490148792744672,-0.30278431018727736,0.06456862823449624,0.09097095072809284,-0.06082481919731178,3780000
-0.15298789453205833,-0.5494760661653327,-0.2844415358577442,-0.08331083221165717,-0.00553087109480216,0.020763403733650522,-0.44158383957022346,-0.010199600881484437,3780000
-0.9851061858268562,-0.17467019942118947,0.024352759805163517,-0.2697925468937118,-0.6163681890725121,-0.24450398776680654,-0.05829413093138135,0.3451403993912344,3780000
0.9669297507906822,-0.42711813754523187,-0.08547180505676438,-0.7663113348378789,0.6143909914084146,0.33294556619720256,0.09824966041792543,-0.28920149013959323,3780000
0.875406056899249,-0.7534452300220631,-0.3017746434707906,-0.1895372379590183,-0.270191081548389,-0.12317088543731652,-0.2871997266423885,0.23745892554700035,3780000
0.932185625826625,-0.7093380893130553,-0.214816694124338,-0.2403394194062406,-0.5058291769759139,-0.23086642421804052,-0.013203321048018204,0.3592869171026854,3773000
1.08011338479365,0.07588088833100806,-0.09348417755178291,0.982980415239202,0.5211405640202273,-0.7020479826449479,0.39505433423836106,0.21861088914322177,3773000
0.807744087518929,-0.8623645381424111,-0.2835536630278193,0.23567307817526065,0.333270678211329,-0.03391873873154179,0.59877514782689,0.4199783248631368,3773000
-0.03211107649226861,-0.1303200822008119,-0.21322748189477247,-0.8145615113299922,0.4737794803304263,0.009542784249885848,-0.3782199085706996,0.1406351682673827,3745000
-1.035567729510074,-0.21545955910931547,-0.04431866153555398,-0.16619519602496613,-0.326741362219961,-0.08471488364824283,-0.1324137486261212,0.10145529354899568,3710000
-0.14900268835889405,-0.544581831124833,-0.277912753737947,-0.09018752828848695,-0.01538868792470507,0.019865993201196114,-0.4398396180565341,-0.004040852168978078,3710000
-0.11713207671651753,-0.5076622017998834,-0.22173258219017747,-0.11333341304033934,-0.05941541164581062,0.03944734089766035,-0.3273349009285485,-0.02059842426987968,3710000
0.7918058814276479,-0.8327114756389336,-0.42870357612466736,-0.06060596267761089,0.06659904710750957,0.017322410699654848,-0.47437904103765155,0.008371789942592963,3710000
-0.14843782326690272,-0.5767643361448059,-0.3340076198870047,-0.09111258889686105,-0.08916947362731531,0.045338516955313206,-0.2827475047371361,-0.03217721077242426,3710000
-0.07990135009258562,-0.005509565838519531,-0.759110726816211,0.5973263848924961,0.4536148336183701,-0.21746989534421357,0.6049526281850347,-0.1245850605814911,3703000
0.8044860828877163,-0.8171389096009803,-0.40793017847076746,-0.08248635928570541,0.03523326628509123,0.01446701355093625,-0.46882924531227665,0.027967808573294915,3703000
0.9290258169296668,-0.1535035964053992,-0.866386200812778,0.23270868940216505,0.03820333478748375,-0.3082100272602285,-0.3736509256286498,-0.3307873451807767,3675000
-0.9252036134134513,0.004575509491302065,0.6371908835419411,0.2608713430819277,0.0804334763397885,-0.21581988568310606,-0.6567153960874751,0.03521594487614147,3675000
-0.24175185183957526,-0.6408879525065837,-0.3983165982480877,0.2709633739700054,0.4965824382175697,-0.09489951949223757,0.0445604568332663,0.5045452802888607,3675000
0.7877301023869117,-0.8377169432939903,-0.43538073965627827,-0.05357297805358048,0.07668090522900117,0.018240216926028636,-0.4761629039493793,0.0020730696684387218,3675000
0.10980357605332856,-0.2146751311218459,0.6206625085412365,0.15855892717373307,-0.33058176491929986,-0.4829111311595387,-0.34884715709701086,0.39298577950834307,3640000
0.02672026338706802,0.14070953932355956,-0.5589600191139296,0.21218814881859013,-0.02028768870053362,-0.1314279800156523,-0.030220721176843986,-0.582723367509213,3640000
-0.08405290074042475,0.02226812764500375,-0.7088917645749708,0.604440471970017,0.5362676544678932,-0.2421347496191217,0.44629071550331656,-0.10199157581930049,3640000
0.9755449864861239,-0.5871698168381513,0.4565410613631315,0.33067356456914015,0.28101468343027963,-0.06906453940049749,-0.5239376647777093,-0.14360850350927384,3640000
0.008418999753537519,0.15575237855046808,-0.6831946820739702,0.21851537972160404,-0.0616427851109044,-0.27844494286956933,-0.22620497473130083,-0.38064326247833197,3640000
-0.7794326348661784,0.8633282089142198,-0.4442539808959244,0.3590586043581133,-0.3175947771632439,0.6155943902474321,-0.08965875591178547,-0.15593175376826426,3640000
0.00027778547282249184,-0.4529423101495283,0.039450492839741044,-0.19138068696191438,-0.4937916858744362,-0.0424058753847654,0.3227796973804315,0.058750822482887974,3640000
-0.8846886285524839,0.7495677604198235,-0.45597000599132714,-0.13944063135687224,0.9179722989106204,-0.2233863277730328,0.6567041834198052,-0.0024124395844675422,3640000
0.1938750175539158,0.0930268275657997,0.777765836310753,-0.4206317476710579,0.6300471931600199,0.12215093379031397,0.03959577555047657,-0.2740918621909555,3640000
-0.8701276419221788,0.23502141359809123,0.08987193658964551,-0.9590167865812176,-0.08765934277590016,-0.22763825518970954,0.10104405421411829,0.4210494552320374,3633000
-0.1448363364505858,-0.5394651308552199,-0.2710872087945227,-0.09737680145971796,-0.025694587337785374,0.01892779128090283,-0.4380161137467681,0.002397839666823967,3605000
-0.027401287378528885,-0.12453598624385764,-0.20551164848046682,-0.8226885157844273,0.4621293331678138,0.00848220816607603,-0.3761585558727032,0.1479136894730719,3605000
0.9636341998680177,-0.152203107616484,-0.7161312422086336,0.2484901219590952,0.07133382186999518,-0.13309454767865853,-0.06646472427361237,-0.5763295025485003,3570000
1.09930815829513,-0.03829235985196188,-0.5106485521049487,0.12712427164096632,-0.4573414318927087,-0.3484530648793958,0.4967161391716946,-0.3013498300275569,3570000
0.6886408381761956,-0.9418093476947174,-0.5661712829933686,0.3185181225089592,0.6043349217824853,-0.09509759719304578,0.005462273077733829,0.5008611928109268,3570000
-1.0933435999807408,-0.2607902585784479,-0.13290880641195588,-0.11367384055853659,-0.0886388125849603,0.023205007765594754,-0.40684620959891393,-0.0219123851848161,3570000
-0.9891024297429579,-0.18179868546073685,0.021773892274758986,-0.23104816695409683,-0.5716745613244916,-0.2168459452782526,0.03851259257340089,0.27315408887777587,3535000
0.05999520900920834,-0.27024052386174807,0.6526802122352307,0.28935517815206097,0.17135523896293464,-0.0454507235463745,-0.37978734672540876,-0.1827966417220411,3500000
-1.0542971465313662,-0.2540393716762491,0.02461684137105344,-0.10555054681443954,-0.06648634879029525,0.19732109834511335,-0.09771757973999531,-0.26059593603179415,3500000
-0.09103754332992701,-0.5168175787793085,-0.0854254762965088,-0.0828608570465456,-0.005225043153961062,0.2164800157076557,-0.023874990989119983,-0.2792979084325034,3500000
-1.154152276974568,-0.3627557959051115,-0.10812330244879162,0.3181096083553715,0.49517484189979977,0.11592638925750236,0.48763714155746124,0.1683454954032272,3500000
0.021883672258727786,0.13476971770622587,-0.5668835865047743,0.22053395723910627,-0.008323883729696979,-0.13033884996035533,-0.03233757183209415,-0.5901978489012093,3500000
-0.11049967211495097,-0.5384983399099752,-0.12127739442581925,-0.08112650326118583,0.008108023619492189,0.19410445794423126,-0.1309488365858458,-0.24356423238584332,3500000
-1.152374465320579,-0.31790760529829,-0.19410549857333015,0.22114289058520972,0.3747351474877995,-0.07239522938733096,0.19086726693885556,0.4729715950297377,3500000
-1.019865844856081,-0.0963007477951889,0.5176209439731082,0.6571719886944198,0.6319452805235438,-0.30339645684813243,-0.07459684553800935,0.47503511273842275,3500000
-0.9896432569967026,-0.20137211900032284,0.1264589308399828,-0.15401598993672772,-0.3041981311269785,0.10123145017144966,0.22900309999295104,-0.15950419951322037,3500000
-0.10842462498395294,-0.5181510774224469,-0.22146499169551626,-0.14488174364957354,-0.24575920307596996,-0.11093934832405147,-0.27148996772950756,0.15855979165269043,3500000
0.8527628400062696,-0.7812533836612653,-0.33886999642418314,-0.15046510115884948,-0.21418075865121342,-0.11807196195746189,-0.29711007615198665,0.20246603513503245,3500000
-1.0148965304348603,-0.22905464196310152,0.07913564505990778,-0.15821301106191743,-0.29394432715090707,0.06678090084081817,0.0701167324125322,-0.09981492251154793,3500000
-0.07482209111477252,-0.4768837774218705,-0.16641548791268143,-0.20286479466102436,-0.3288785222553786,-0.11850615076815575,-0.2567830090572639,0.21048924102405073,3500000
-0.928338262157191,0.18915679757908604,0.0005695609365386773,-0.9057452460882247,0.1515186050587261,-0.11962046444505889,-0.17357868546925856,0.29700991300231605,3500000
-0.7688458813565986,0.30872262889033325,0.34037214447416103,-1.082469881734362,-0.3192590654805544,-0.15512867361360505,0.41415053150985454,0.3943006211398104,3500000
-1.0730552776446318,-0.23587415291772248,-0.09967137016571596,-0.1486824751314878,-0.13882406190082966,0.018636372327645104,-0.39796653643831403,0.009441244624307048,3500000
-1.0172734289632697,-0.16958911334977486,-0.004318505899163713,-0.2130885363443186,-0.2419976866013526,0.03283325682938278,-0.2749964902281928,0.029836164798443414,3500000
-1.1502163603770648,-0.35423863456748816,-0.10098035255256224,0.2610704545960764,0.4533262225575842,0.08326943493885929,0.3852950462184615,0.24309119176836919,3493000
-1.0846596424367747,-0.25234617858004166,-0.11471427628846048,-0.0968098572270161,-0.07531096565935798,0.04800765310543008,-0.3044896903687568,-0.07430267706757275,3465000
-0.9119626877001884,0.2092676542909573,0.02739692019243228,-0.9340022154221069,0.11101193953948883,-0.12330800590568977,-0.16641152070391704,0.3223167713482512,3465000
0.9604900199063197,-0.4350267764402211,-0.09602172343670927,-0.7551992191319109,0.6303203272403712,0.33439570003487334,0.0954311570173958,-0.2991534681727568,3465000
-1.0900829767481517,-0.2567858844544028,-0.12756707558666736,-0.11930022825776088,-0.09670429908215361,0.022470762784495713,-0.40541911926953184,-0.016873408965492748,3430000
-1.0090627092996274,-0.20409122597146584,-0.014894123619526049,-0.22845422615913322,-0.5571092674473003,-0.2391093267251204,-0.06877928071253629,0.3081179213353724,3430000
-1.0775043858985933,-0.2435588020300538,-0.10299214475518832,-0.10915665245586949,-0.0930102276948655,0.04639639328579606,-0.3013580199237237,-0.06324492369739089,3430000
0.9604900199063197,-0.4350267764402211,-0.09602172343670927,-0.7551992191319109,0.6303203272403712,0.33439570003487334,0.0954311570173958,-0.2991534681727568,3430000
-0.8007290363681535,0.8387628607939657,-0.3492707999447638,-0.5356721464929647,0.3956303548943424,-0.13841217440256398,0.06439239676661067,-0.45591888008869036,3430000
-0.7855993643417681,0.8536601648205508,-0.3251794626542365,-0.511531731919412,0.39031828235713634,-0.11004851365395842,0.17507900639269208,-0.5012005627269555,3430000
-1.0897206852778643,-0.25634095399617557,-0.12697354993941296,-0.11992538244656363,-0.0976004642485084,0.022389180008817997,-0.40526055367737823,-0.016313522718901238,3423000
1.303792584544741,0.5701336814154451,0.06906388549959717,0.7503413548144958,-0.19733029193561755,0.2422780522430755,-0.24336898778156882,0.07763473674814607,3395000
-0.8517013485057955,0.49763165900191164,-0.4156119695897244,0.061953908031277836,-0.6005183562276947,-0.5424191746259749,0.13931999077847934,-0.06572510312229819,3395000
0.7880923938571993,-0.8372720128357629,-0.4347872140090239,-0.05419813224238322,0.07578474006264635,0.01815863415035099,-0.4760043383572256,0.002632955915030217,3395000
-0.7850860400913112,0.0864248280017238,0.9442058805981901,0.15709040958248827,-0.3726083633994731,-0.28104089886025524,0.0963845870124145,0.0866998634340798,3360000
-0.16999904567086066,-0.6351724617211628,-0.09365200150901912,0.29815015976224685,0.5565702562181091,0.254760360241159,0.6600428186884162,0.01738016927955356,3360000
-1.0639774056186235,-0.2637070104347804,0.004790115717608823,-0.12069535612675257,-0.07734974150842183,0.17274280563839167,-0.20051015434857478,-0.20974533132716408,3360000
-1.0832900116802584,-0.24844343836264207,-0.11643846970064946,-0.13102186929781154,-0.1135073959513063,0.02094108574053932,-0.4024460144166524,-0.006375541841902333,3360000
-1.031629279897492,-0.1085267366885268,0.49438144584795124,0.6456218159677221,0.6262348375119573,-0.3275056485947076,-0.1783011723014719,0.5226663715251517,3360000
-1.0784101145743126,-0.24467112817562173,-0.10447595887332405,-0.10759376698386264,-0.09076981477897848,0.04660035022499025,-0.3017544339041076,-0.06464463931386963,3360000
-0.0847774836810002,0.021378266728549027,-0.7100788158694793,0.6056907803476222,0.5380599848006026,-0.24197158406776634,0.44597358431900935,-0.10311134831248342,3360000
1.0133972804783518,-0.09669333118386017,-0.7482231366085343,0.1177720152543677,-0.43049116136644516,-0.5705447574448632,-0.03554435534423359,-0.000617067098940124,3360000
0.6862749058763892,-0.9469356466722421,-0.5660792851111291,0.35444930859896207,0.6449958062819092,-0.06780667719504133,0.10298254174720714,0.4313943704071297,3353000
1.0764953191276934,0.257108789959759,-0.6580489431911629,-0.46892902073198006,0.5704718276008238,-0.14251014825055475,-0.006609057000486288,-0.43788221660547,3332000
-1.0455197072000466,-0.22546089571151712,-0.0645905314244393,-0.1808711396956773,-0.3369326310633214,-0.10923198927320633,-0.23532524742881591,0.15188598356868213,3325000
-1.030170515066389,-0.22663013089590667,0.06811040220876265,-0.11533376078063413,-0.0913575420805667,0.21864627787168775,0.011397797855707822,-0.2891210766535889,3325000
-1.0426791697412654,-0.12209711566445781,0.47627891360669555,0.6646890187262047,0.6535678750857792,-0.32501737393653857,-0.18313742286215579,0.5055898410041116,3290000
-0.7353623320692083,0.7049849168115093,0.38324103299826845,0.5707336906884849,0.07541984499423998,-0.34353495519528415,-0.1423614960953244,-0.587458568647978,3290000
1.077890390928816,0.29621469815753193,-0.8752251887373701,0.41649109250484334,-0.17745469050432028,0.4598272685120652,-0.3628537388342096,0.06456488404950649,3290000
-0.16422154871235198,-0.6124989130358529,-0.18380604630496722,0.2598547728014169,0.32835314748562794,-0.02435903752172044,0.6196779298828002,0.3594154655446979,3290000
-0.09835583102973781,-0.5258051740354988,-0.09741469437104545,-0.07023274243273105,0.012877493206405969,0.21812798777634476,-0.027078015950621974,-0.29060761061365137,3290000
-1.0897206852778643,-0.25634095399617557,-0.12697354993941296,-0.11992538244656363,-0.0976004642485084,0.022389180008817997,-0.40526055367737823,-0.016313522718901238,3290000
1.0764953191276934,0.257108789959759,-0.6580489431911629,-0.46892902073198006,0.5704718276008238,-0.14251014825055475,-0.006609057000486288,-0.43788221660547,3290000
-1.0149171157036772,-0.19009852299036276,-0.010487699642059893,-0.20182898478672023,-0.3778227767021851,-0.08936510186187026,-0.12337550987336775,0.13336880960471023,3290000
-0.2520771587427738,-0.6535684705660602,-0.4152320791948347,0.2887802683508826,0.522123145458682,-0.0925744103854239,0.04004133745688967,0.4885885222610036,3255000
-1.1979578091133432,-0.3716678524671408,-0.2727506158696743,0.2679508613832443,0.4526817227554346,-0.08888866902439513,0.07236084214785721,0.4683374726971517,3255000
-0.8994265395957617,0.4446246163968159,-0.3801814934240181,0.18915552242399014,-0.10373430205200035,-0.1054278679729572,0.10929155330496454,-0.6382881784347813,3234000
-1.047775900066188,-0.2460306234281589,0.03530030302163044,-0.11680332221288821,-0.08261732178468185,0.19585260838291518,-0.09486339908123101,-0.2505179835931475,3220000
-0.8895708286079369,0.024932962438886437,0.6855370204993511,0.21471048239799798,-0.13770438429073328,-0.3455116223203534,-0.4905301660933449,0.19017414143183622,3220000
-1.1362873053370837,-0.32155415057206527,-0.17778007028528894,0.20870909838718563,0.20494539758211971,-0.19768557527676772,0.34849788323630077,0.597723928581822,3220000
0.715097663033074,-0.9505197942159151,-0.4292706514524459,0.34836552431395,0.6576291251079798,0.08185349484127201,0.30908074860931595,0.24272159489489442,3220000
0.7724343255101968,-0.854281004155044,-0.4644071128421643,-0.05902789743945172,0.07970807258937423,-0.0050735427576891,-0.581413245236339,0.04424543755090085,3150000
-0.8781999624349157,0.7737466116742163,-0.6787990793742344,0.7206670643040238,-0.0073587630902939025,0.22937818795526013,0.3547227430033909,0.6736080116833292,3150000
-0.12011044955992599,0.01918791702317953,-0.8615208257681323,0.5911596561682977,0.5067218280508009,-0.416923898097981,0.13847025177966477,0.14131103656205735,3150000
-0.06010258143161317,-0.48220993517545363,-0.15233061894302513,-0.21293862979631795,-0.49528524865806883,-0.24348852167940926,-0.09975097787019849,0.3331280039952518,3150000
-1.0386285463978981,0.2934904147464691,-0.5806549167839131,0.5986147655336439,0.4883341957571612,-0.23649102164182867,0.47480464598259836,-0.13567989530134783,3150000
0.025633388976204985,0.13937474794887753,-0.5607405960556925,0.2140636113849983,-0.017599193201469337,-0.13118323168861915,-0.03069641795330472,-0.5844030262489874,3150000
-0.1244574412469049,-0.5144377925799375,-0.2377013911364693,-0.1325417245798698,-0.07610387794524347,0.014338760149033725,-0.4290967991881297,0.033891441037595005,3150000
0.02327929069421371,-0.4210106834476965,0.07782772992272728,-0.28131857990695147,-0.5828009970960737,-0.0793561232734462,0.22878211632851342,0.1629605325749069,3150000
-1.0543143326412796,-0.23626158258498337,-0.0789983665115371,-0.16569552176249172,-0.31517822165005843,-0.10725156739363079,-0.23917442717834386,0.13829474493267388,3150000
-0.8783678933528919,0.020892401245386463,0.8074773327409175,0.25555382176676666,0.08331838905782508,-0.04345782478065747,-0.3441776059972547,-0.19143005166911967,3143000
-0.9215811532429741,0.4586186121094621,-0.5100340079037963,0.151884414626967,-0.1676704667279585,-0.28334775546844737,-0.19244395581979387,-0.3734999313404751,3129000
-0.02797387690041237,-0.12745987945315745,-0.20248169864431834,-0.7898518429289979,0.4983542000937815,0.035369293424475944,-0.27785338752206973,0.08121830398990285,3118850
-1.0242133424995326,-0.10163991329391599,0.5104986362060567,0.6646738389600522,0.6426992625198017,-0.30241746354000043,-0.07649963264385228,0.46831647777932495,3115000
-1.0524856891799281,-0.2518147193851131,0.02758446960732485,-0.1086763177584531,-0.07096717462206935,0.19691318446672498,-0.09692475177922749,-0.25779650479883676,3115000
-1.094611620126748,-0.26234751518224325,-0.1349861461773458,-0.11148580089772714,-0.08550223450271852,0.023490547480466605,-0.4074011891714514,-0.02387198704788621,3115000
-1.0087471229658493,-0.18030045420145213,-0.0043476782281294665,-0.24432428985915153,-0.42789339544833466,-0.11751264100449021,-0.21923083982522856,0.20871443759771777,3087000
-0.7721334260863474,0.7032490962722786,0.22547500592120592,0.5268354994015856,0.01283053799173976,-0.5449215700788879,-0.5490500360217546,-0.2794481669588507,3080000
-0.09329133323276004,0.010922400960208863,-0.7240266685799548,0.6203819037844857,0.5591198662099407,-0.24005438883934083,0.44224729290340026,-0.11626867510738333,3080000
-0.8443829284411205,0.8247647942487732,-0.6442167124576149,0.3956338351134093,-0.2756714315635399,0.44731146812886724,-0.4101248256096844,0.0427199304474226,3080000
-0.07092167380083218,-0.5439512877218031,-0.1274562496873946,-0.1658940423721402,-0.32698076967885725,0.06236589329119908,0.09525222171623927,-0.04570789053934174,3080000
-1.09189443409959,-0.25901053674553903,-0.1305347038229387,-0.11617445731374737,-0.09222347325037952,0.022878676662884078,-0.4062119472302998,-0.019672840198450132,3045000
-0.2258920524886113,-0.6626126149309284,-0.27877659188935255,0.31909653579747543,0.5760894726589428,0.08443786873065212,0.34354088879435674,0.23002900966002782,3010000
-0.02889068102720953,-0.485080669432419,-0.007639963281889751,-0.19129637671936248,-0.4537532131409812,-0.06760820357586105,0.2059486710583993,0.08233691306573312,3010000
-0.15991671890130993,-0.5579853611789286,-0.2957927138614822,-0.07135475835080551,0.011608287711733592,0.022323674318486107,-0.44461640652016043,-0.02090742534754652,3010000
0.7967873891441033,-0.8265936818383092,-0.4205425984749211,-0.06920183277364797,0.05427677607013092,0.01620064753408678,-0.4721987641455401,0.016070225833225864,3010000
-1.1736409746264644,-0.344025023196229,-0.22894545406715655,0.25783944146792825,0.42734004275282694,-0.0676063204550514,0.18155946667944092,0.4401062723548175,3010000
-1.0533914178556474,-0.2529270455306811,0.02610065548918919,-0.10711343228644625,-0.06872676170618232,0.19711714140591916,-0.09732116575961137,-0.2591962204153154,3010000
0.010679333710141197,-0.45040699667967266,0.056139073045008744,-0.22006526109086433,-0.5818234549068896,-0.11059452518722161,0.3971180590225618,0.1276236158066116,3010000
-1.053400965381526,-0.21173667555889478,-0.06747260380217097,-0.1825970898740344,-0.18744102217557812,0.014210506747131183,-0.38936435306398287,0.039815073501895205,3003000
-1.0970415915790512,-0.31455855191784154,-0.01992798339628966,0.21648855732744118,0.22660497053528947,-0.02361435522387189,0.6577137241709039,0.3593483151704691,2975000
-0.13340356986770788,-0.5644059403938008,-0.16276780620404507,-0.07345318468220027,0.029954659473316173,0.17250393654974464,-0.23952905530803062,-0.21314947568180245,2961000
-0.8491461416476878,0.48519151085582807,-0.31180683490692773,0.08587074864964567,-0.39291304632137414,-0.26517618070368215,0.18333188820362767,-0.3948830157158382,2940000
-1.0813879814612481,-0.24610755345694893,-0.11332246005256445,-0.1343039287890257,-0.11821226307466902,0.020512776168231526,-0.4016135450578462,-0.003436139047297101,2940000
-1.1177898550835959,-0.337818816175215,-0.05788691757335279,0.22044220848305052,0.24311942364930234,-0.045700294133640684,0.5500769707220328,0.3930943950417294,2940000
-1.1475102120928453,-0.35313590712983134,-0.09257899560876263,0.28824948204284173,0.4814407947280408,0.1094181960773762,0.48503523317808467,0.18146277681685305,2940000
-0.17815873257548911,-0.6273944846785542,-0.21060669831364973,0.2520555252075354,0.32801969547217014,-0.04797873261422951,0.5150222095664162,0.40368740685187804,2940000
0.6723377220132516,-0.9618312183149433,-0.5928799371198116,0.3466500610050808,0.6446623542684518,-0.09142637228755036,-0.0016731785691767656,0.4756663117143099,2940000
-1.1660666122021501,-0.3737043421149299,-0.12694709961993716,0.28842095035619475,0.49253344858560716,0.0868386813747575,0.3783578015617428,0.21859616847999186,2940000
-0.08672429437732321,-0.5092997785888125,-0.08232727382475676,-0.12215224690136307,-0.050702815422542166,0.18875058829038385,-0.1205429696007678,-0.20682169745327714,2940000
-1.2060187943272431,-0.3815675551626967,-0.28595656152108223,0.2818605420841043,0.47262139770682926,-0.08707345226556693,0.06883275772244027,0.4558800037104912,2870000
-1.0934341728483126,-0.26090149119300476,-0.1330571878237695,-0.11351755201133586,-0.0884147712933716,0.023225403459514165,-0.4068858509969523,-0.022052356746463973,2870000
-0.13125040631479862,-0.5227802386716984,-0.24882999702248718,-0.1208200835398192,-0.059300781076090776,0.015868437192990158,-0.43206990404100915,0.02339357391400467,2870000
-1.0245097108431442,-0.21967809248610615,0.07738424044711076,-0.12510179498067642,-0.10536012280486069,0.21737154700172426,0.01387538523310744,-0.2803728540505968,2870000
-1.0013024714759169,-0.2301586621323018,0.20499322657335267,-0.12149568933924655,-0.07883624390029048,0.3682962520610416,0.21751582541683587,-0.47772386638500003,2852500
-0.17978904419178376,-0.6293966717405767,-0.21327756372629397,0.2548687190571477,0.3320524387207669,-0.04761161012367999,0.5143086644017252,0.4011679187422164,2835000
-1.106301902162432,-0.3565866678796365,-0.0960869854576937,0.20066874908227506,0.1423192581810947,-0.02268749106620549,0.7119498366448611,0.3818386067730164,2835000
0.7159952628856381,-0.9316185557176259,-0.5313872070757194,0.28664203503917113,0.4066744352031709,-0.22292516740605825,0.16802427929115507,0.643025988632006,2835000
-0.8781294592707007,0.4495970741976488,-0.3592888866872703,0.1358830837538619,-0.32121983301298934,-0.2586495586494682,0.17064664083134204,-0.4396739154431569,2800000
0.8049279094826376,-0.8188169975272437,-0.40323835682230724,-0.051400118158923445,0.0689488707452654,0.0411256670374386,-0.3700800933036132,-0.03715989541941817,2800000
-1.0647225738280157,-0.2256407523784959,-0.08602028027886725,-0.16306102147395005,-0.15943586072699018,0.01675996848705856,-0.394319527818782,0.0223186282959112,2730000
-1.0069261180885318,-0.21926617188210237,0.09219320929950216,-0.17196640321557685,-0.3136599608107129,0.0649860797759093,0.07360517543991073,-0.0874974250865353,2730000
-1.0900829767481517,-0.2567858844544028,-0.12756707558666736,-0.11930022825776088,-0.09670429908215361,0.022470762784495713,-0.40541911926953184,-0.016873408965492748,2695000
-1.0906807576741264,-0.2575200197104778,-0.1285463929046368,-0.1182687238462364,-0.0952256265576682,0.022605374364363877,-0.40568075249658514,-0.0177972212723687,2660000
-0.14246085662489938,-0.5755292018494816,-0.17760594738540222,-0.05782432996213275,0.052358788632186466,0.1745435059416865,-0.24349319511186987,-0.22714663184658962,2660000
-1.006585968670399,0.08390533414139138,-0.12375209391641229,0.52253111348574,0.2800324275760213,0.8892685322686766,0.5033750792155433,0.5588387653571091,2660000
-1.0870145369936448,-0.25523822655851863,-0.11857219299561333,-0.09274635499979852,-0.06948589207805173,0.048537941147334944,-0.30552036671775495,-0.07794193767041742,2660000
-1.1976065553859934,-0.3734571730079609,-0.26820717563302743,0.29919339105722687,0.4866213685071974,-0.06220961984397329,0.1710703527584822,0.4030697971427908,2660000
-0.10987379086510363,-0.5199307992553561,-0.2238390942845333,-0.14238112689436275,-0.24217454241055084,-0.11061301722134072,-0.2721242300981218,0.15632024666632457,2660000
-0.1354277959660446,-0.530131189940359,-0.25170562737651875,-0.08176312650580288,-0.014159070744892754,0.04356727106938287,-0.3353424633323038,-0.048872679722749654,2660000
-0.9292341060204011,-0.00037434185647584076,0.6305879107162373,0.26782618343235776,0.09040331381548573,-0.21491227730369203,-0.6584794383001837,0.028987210382811227,2653000
-0.8828965367314879,0.015330770517545963,0.8000582621502389,0.2633682491268004,0.09452045363726018,-0.04243804008468652,-0.3461596758991743,-0.1984286297515132,2653000
-1.2071962416056785,-0.3830135791519353,-0.28788551987465855,0.28389229319771325,0.4755339344974823,-0.08680830824461447,0.06831741954794116,0.4540603734090689,2604000
-1.0937058914510285,-0.2612351890366752,-0.13350233205921017,-0.11304868636973386,-0.0877426474186055,0.023286590541272405,-0.40700477519106754,-0.0224722714314076,2590000
-1.0864600620452751,-0.2523365798721305,-0.12163181911412448,-0.12555177014578794,-0.10566595074570173,0.02165493502771896,-0.40383346334799614,-0.011274546499577886,2590000
1.019081254409566,-0.10897449673213588,-0.6399872017005086,0.186537502950378,-0.19851245286182753,-0.2622356733296418,0.11390166646690895,-0.39360289424908823,2590000
-1.193530776345257,-0.3684517053529044,-0.2615300121014168,0.29216040643319635,0.4765395103857058,-0.06312742607034715,0.1728542156702098,0.4093685174169449,2520000
-1.1908135903180999,-0.3651147269162001,-0.2570785697470096,0.2874717500171764,0.4698182716380449,-0.0637392968879297,0.17404345761136172,0.4135676642663812,2520000
0.8073144270512622,-0.8526468175224582,-0.3137070100025791,-0.04371533052412358,0.1121664357971195,0.16998074974212274,-0.2741081196871865,-0.2008768051318793,2520000
-1.047504181463473,-0.24569692558448838,0.03574544725707135,-0.1172721878544902,-0.08328944565944797,0.195791421301157,-0.09474447488711586,-0.2500980689082038,2485000
-0.22670720829675853,-0.6636137084619396,-0.2801120245956747,0.32050313272228154,0.5781058442832409,0.08462142997592687,0.34318411621201106,0.22876926560519686,2485000
-0.9172583567644913,0.42494604232817174,-0.41336254614068396,0.18807668235973782,-0.09443397852714373,-0.12817054822693122,0.0029312528729296934,-0.6000350142784595,2450000
-1.0470881755819517,0.059330352996023204,-0.2923022377738094,0.4317502863695385,0.06725896161103517,0.5302712188762241,0.13606949868649718,1.0324900222880624,2450000
-1.054939285427526,-0.23702908762542518,-0.08002219825305068,-0.16461713078680704,-0.3136323367380964,-0.10711083710558679,-0.2394479528248088,0.13732894115730349,2450000
-0.9816934368107113,0.1454456824006818,-0.20668246918131833,0.10247547158083396,-0.24705167795192545,0.77286430178267,-0.5108925824167246,0.38173909400914446,2450000
-1.0574561591534455,-0.25569826218669006,0.015473577368185993,-0.13194813152520127,-0.0934807145028084,0.17127431567619358,-0.1976559736898106,-0.19966737888851735,2450000
-1.0565710157465433,-0.21562981706838302,-0.07266595321564595,-0.1771269907220108,-0.17959957696997353,0.014924356034310882,-0.39075180199532666,0.03491606884421951,2450000
-1.2006297087067148,-0.3749492145965665,-0.2771278675181746,0.2725613735256642,0.4592909408573013,-0.0882869960537723,0.07119142090572458,0.4642083116285395,2408000
0.8164965353668742,-0.8435909581439894,-0.29469638211410926,-0.027710934202206744,0.12426205561898394,0.19467121876540128,-0.17153357276781814,-0.2524972534255726,2380000
0.8543670739843868,-0.8029862723397809,-0.22938171958662049,-0.010962518822678142,0.09750662155281341,0.24467211315754828,0.047661901063979016,-0.32844564157884487,2380000
-1.0967491398014446,-0.264972604885784,-0.1384879474961461,-0.10779739118379121,-0.08021486002122508,0.0239718858569649,-0.4083367261651574,-0.027175315902776078,2380000
-1.0933435999807408,-0.2607902585784479,-0.13290880641195588,-0.11367384055853659,-0.0886388125849603,0.023205007765594754,-0.40684620959891393,-0.0219123851848161,2345000
-1.097509951889049,-0.2659069588480611,-0.1397343513553801,-0.10648456738730547,-0.07833291317187997,0.02414320968588802,-0.40866971390867995,-0.0283510770206182,2310000
-0.13518177472389273,0.0006788099609262584,-0.8862114926939103,0.6171660704224898,0.5440022989711609,-0.4135300546297896,0.13187392314607616,0.1180197687038516,2275000
-1.2115327015061927,-0.3861184936516146,-0.2989577422311024,0.25952645960056014,0.45145210557562226,-0.11258994689258185,-0.03213631257637332,0.5131693002509233,2275000
-0.9103748188290253,0.43339972103448904,-0.4020855588428526,0.17619875277248637,-0.11146111668788497,-0.12972062096480705,0.005943999123847502,-0.5893971755932211,2275000
-1.1972590651761748,-0.4059066363028701,-0.32465815717043756,0.29864342296213453,0.4133782819044003,-0.036688146424449654,0.32806732672258804,0.37459750679138965,2240000
-0.8814178905073393,0.3444343633933535,0.6176209918279126,-0.10439866858084657,1.0677916213805645,-0.31857384095226465,-0.0035424833190373962,0.653024364846977,2233000
-1.2063810857975314,-0.3820124856209239,-0.2865500871683364,0.2824856962729069,0.4735175628731839,-0.08699186948988913,0.06867419213028665,0.45532011746389955,2135000
-1.0656187549778562,-0.26794344849585033,0.006069164894357108,-0.08601447841435511,-0.03848118734170756,0.19987056008504062,-0.10267275449479439,-0.278092381237778,2100000
-1.0462471990604039,-0.24637391997974067,0.04177270161185378,-0.08759254365251423,-0.05159021282357203,0.2222665135423846,0.004361449703893199,-0.3139660288460859,2100000
-1.0516786621949366,-0.23302471350138035,-0.07468046742776217,-0.1702435184860314,-0.32169782323528956,-0.10784508208668582,-0.23802086249542678,0.14236791737662688,2100000
-1.1427153689830023,-0.348357704057844,-0.08273982348794709,0.2959000309725987,0.48698451173289836,0.12171754027769667,0.5364116997833553,0.15596748868371418,1960000
-1.0719588557078896,-0.27572973151482705,-0.004317533932592937,-0.0750742801103078,-0.02279829693049828,0.2012982586593999,-0.10544765235748182,-0.287890390553129,1890000
-1.0932620843999261,-0.2606901492253468,-0.13277526314132362,-0.1138145002510172,-0.0888404497473901,0.02318665164106722,-0.4068105323406795,-0.021786410779332993,1890000
-1.1622706805872858,-0.3512436599508223,-0.2243154500651763,0.2216962275709942,0.23440943734995973,-0.2185926430779941,0.23856985698081049,0.6233796521898349,1855000
-0.869714311409669,0.47773061970415404,-0.44908978513001746,0.06118764506142683,-0.5907699501196606,-0.5651210634921101,0.03288040755036779,-0.027751882089272265,1820000
-0.25716027706973915,-0.6620317479802889,-0.41959152366700225,0.32940011085690574,0.5695052687057669,-0.0646716195698369,0.13637236418521123,0.41492255300777037,1767150
-1.0935247457158845,-0.2610127238075618,-0.133205569235583,-0.11336126346413522,-0.08819073000178292,0.023245799153433593,-0.40692549239499076,-0.02219232830811181,1750000
0.6881769360953989,-0.9445997617665493,-0.5629632754630441,0.3511672491077479,0.6402909391585465,-0.06823498676734917,0.10381501110601343,0.4343337732017351,1750000
-1.0524856891799281,-0.2518147193851131,0.02758446960732487,-0.1086763177584531,-0.07096717462206936,0.19691318446672496,-0.09692475177922749,-0.25779650479883676,1750000
